【MAD】ReCreate#【創作彼女の恋愛公式】,朝奈,https://www.nicovideo.jp/watch/sm41579568,https://nicovideo.cdn.nimg.jp/thumbnails/41579568/41579568.29722413
【MAD】夜想【さくら、もゆ。】,KAZAMI,https://www.nicovideo.jp/watch/sm41579556,https://nicovideo.cdn.nimg.jp/thumbnails/41579556/41579556.51058824
【MAD】Waltz For The End【終のステラ】,Pluvia,https://www.nicovideo.jp/watch/sm41579525,https://nicovideo.cdn.nimg.jp/thumbnails/41579525/41579525.82818575
【MAD】夏の終わり、世界の終わり【夏ノ終熄】,Kamro,https://www.nicovideo.jp/watch/sm41562456,https://nicovideo.cdn.nimg.jp/thumbnails/41562456/41562456.37554683
【MAD】満願成就【抜きゲーみたいな島に住んでる貧乳はどうすりゃいいですか？】,しもつき,https://www.nicovideo.jp/watch/sm41562401,https://nicovideo.cdn.nimg.jp/thumbnails/41562401/41562401.72328178
【MAD】 午前０時の＊透明少女 【ゆるゆり】,大麦,https://www.nicovideo.jp/watch/sm41566192,https://nicovideo.cdn.nimg.jp/thumbnails/41566192/41566192.15063490
【MAD】 「I」 【やがて君になる】,ゆっぴ,https://www.nicovideo.jp/watch/sm41566164,https://nicovideo.cdn.nimg.jp/thumbnails/41566164/41566164.51197393
【MAD】 最後の一欠片 【昴スバル】,ブラマン,https://www.nicovideo.jp/watch/sm41565992,https://nicovideo.cdn.nimg.jp/thumbnails/41565992/41565992.17100829
【MAD】 ベルフェゴールの探求 【つれないほど青くて あざといくらいに赤い】,kurobe,https://www.nicovideo.jp/watch/sm41562288,https://nicovideo.cdn.nimg.jp/thumbnails/41562288/41562288.55987497
【MAD】青藍【春に咲く、修羅のごとく】,Totori,https://www.nicovideo.jp/watch/sm41566472,https://nicovideo.cdn.nimg.jp/thumbnails/41566472/41566472.25861294
【MAD】すべての夢みる私たちのために【白昼夢の青写真】,たけつき,https://www.nicovideo.jp/watch/sm41558144,https://nicovideo.cdn.nimg.jp/thumbnails/41558144/41558144.79402944
【MAD】告白【友だちから恋びとへ】,KaiVal,https://www.nicovideo.jp/watch/sm41558131,https://nicovideo.cdn.nimg.jp/thumbnails/41558131/41558131.20821429
【MAD】 2つの原点 【僕のヒーローアカデミア】,ミッキー,https://www.nicovideo.jp/watch/sm41554842,https://nicovideo.cdn.nimg.jp/thumbnails/41554842/41554842.66807851
【MAD】宝物を探しに【マルコと銀河竜】,幸鳥,https://www.nicovideo.jp/watch/sm41557877,https://nicovideo.cdn.nimg.jp/thumbnails/41557877/41557877.25887442
【MAD】世の中数字と言うけれど【AMBITIOUS MISSION】,らいんひき,https://www.nicovideo.jp/watch/sm41557868,https://nicovideo.cdn.nimg.jp/thumbnails/41557868/41557868.40636423
【静止画MAD】 汝の隣人を愛せよ 【エクソシストを堕とせない】,アニトク,https://www.nicovideo.jp/watch/sm41554885,https://nicovideo.cdn.nimg.jp/thumbnails/41554885/41554885.80446296
【MAD】 嘘と本当と幸せ 【シンフォニック＝レイン】,Mackerel,https://www.nicovideo.jp/watch/sm41554662,https://nicovideo.cdn.nimg.jp/thumbnails/41554662/41554662.39873142
【MAD】 rabiNico 【ガヴリールドロップアウト】,MajorMilk,https://www.nicovideo.jp/watch/sm41551903,https://nicovideo.cdn.nimg.jp/thumbnails/41551903/41551903.29859182
【MAD】 あなたのために書かれた物語 【魔法少女まどか☆マギカ】,Wandered(漂泊の途),https://www.nicovideo.jp/watch/sm41551398,https://nicovideo.cdn.nimg.jp/thumbnails/41551398/41551398.46850771
【静止画MAD】恋する(おとめ)の作り方「それでも君といたい」,CANO,https://www.nicovideo.jp/watch/sm41440868,https://nicovideo.cdn.nimg.jp/thumbnails/41440868/41440868.67686037
【MAD】 範馬 【グラップラー刃牙】,97Keys,https://www.nicovideo.jp/watch/sm41546534,https://nicovideo.cdn.nimg.jp/thumbnails/41546534/41546534.62880598
【MAD】 私だけの世界 【魔法少女まどか☆マギカ】,オムカ,https://www.nicovideo.jp/watch/sm41546484,https://nicovideo.cdn.nimg.jp/thumbnails/41546484/41546484.85503329
【MAD】海が凪ぐとき【白昼夢の青写真】,TARO,https://www.nicovideo.jp/watch/sm41542384,https://nicovideo.cdn.nimg.jp/thumbnails/41542384/41542384.72402733.M
【MAD】沈んだ海の深度に、繋がりを残して【Summer Pockets REFLECTION BLUE】,みかんばこ,https://www.nicovideo.jp/watch/sm41542362,https://nicovideo.cdn.nimg.jp/thumbnails/41542362/41542362.86445881.M
【MAD】 光の本質 【よふかしのうた】,sAlmOn,https://www.nicovideo.jp/watch/sm41550569,https://nicovideo.cdn.nimg.jp/thumbnails/41550569/41550569.47626267
【MAD】仮面少女は熱帯魚の夢を見る【絢辻詞】,合作(柳×甘党),https://www.nicovideo.jp/watch/sm41551333,https://nicovideo.cdn.nimg.jp/thumbnails/41551333/41551333.50074470
【MAD】「永遠の愛」【Aster】,高橋Datto,https://www.nicovideo.jp/watch/sm41540398,https://nicovideo.cdn.nimg.jp/thumbnails/41540398/41540398.57183634
【MAD】 仮説 【宇宙検閲官】,ぼっくり,https://www.nicovideo.jp/watch/sm41545990,https://nicovideo.cdn.nimg.jp/thumbnails/41545990/41545990.9956160
【MAD】 魂の叫びの物語 【SHIORI EXPERIENCE ジミなわたしとヘンなおじさん】,Kumiko,https://www.nicovideo.jp/watch/sm41545633,https://nicovideo.cdn.nimg.jp/thumbnails/41545633/41545633.12220400
【MAD】 どこまでも続く青 【ILY.】,明,https://www.nicovideo.jp/watch/sm41536857,https://nicovideo.cdn.nimg.jp/thumbnails/41536857/41536857.91342474
【MAD】オチないあいつ【黒岩メダカに私の可愛いが通じない】,CANO,https://www.nicovideo.jp/watch/sm41521301,https://nicovideo.cdn.nimg.jp/thumbnails/41521301/41521301.13565362
【MAD】 君がわたしにくれた七日間。 【いろとりどりのセカイ】,SuireNn,https://www.nicovideo.jp/watch/sm41541221,https://nicovideo.cdn.nimg.jp/thumbnails/41541221/41541221.3758930
【MAD】寄宿学校のジュリエット - Love with You,合作(スンセア&アニトク&choco&nyuna&ひな&あとめ&にーち&ra&川神f&ポン酢&vermilion),https://www.nicovideo.jp/watch/sm41537330,https://nicovideo.cdn.nimg.jp/thumbnails/41537330/41537330.29855222
【MAD】 ずっと隣で。 【ソードアート・オンライン】,あえる,https://www.nicovideo.jp/watch/sm41536442,https://nicovideo.cdn.nimg.jp/thumbnails/41536442/41536442.15120950
【MAD】 カタワレの追憶 【君の膵臓をたべたい】,スンセア,https://www.nicovideo.jp/watch/sm41536374,https://nicovideo.cdn.nimg.jp/thumbnails/41536374/41536374.53708825
【MAD】 A Song for 【キラ☆キラ】,ND-NHK,https://www.nicovideo.jp/watch/sm41532989,https://nicovideo.cdn.nimg.jp/thumbnails/41532989/41532989.26067731
【静止画MAD】僕は今日も■■■【ブルーピリオド】,ALINCO,https://www.nicovideo.jp/watch/sm41481724,https://nicovideo.cdn.nimg.jp/thumbnails/41481724/41481724.31483195
【静止画MAD】彼方の君へ【さよなら絵梨】,MOTA,https://www.nicovideo.jp/watch/sm41474875,https://nicovideo.cdn.nimg.jp/thumbnails/41474875/41474875.10701672
【アークナイツ】Infected【静止画MAD】,bone.senbei,https://www.nicovideo.jp/watch/sm41394468,https://nicovideo.cdn.nimg.jp/thumbnails/41394468/41394468.7325861
【MAD】古橋文乃の関係≧方程式【ぼくたちは勉強ができない】,mee,https://www.nicovideo.jp/watch/sm41301191,https://nicovideo.cdn.nimg.jp/thumbnails/41301191/41301191.52077303
【ドラゴンボール】サイヤ人編 Drei Kreuz～鋼のサバイバー～【静止画MAD】,あああ,https://www.nicovideo.jp/watch/sm41254502,https://nicovideo.cdn.nimg.jp/thumbnails/41254502/41254502.16758984
【MAD】 The Days I Spent with You 【月姫 -A piece of blue glass moon-】,軍魔,https://www.nicovideo.jp/watch/sm41197391,https://nicovideo.cdn.nimg.jp/thumbnails/41197391/41197391.1600341
【MAD】百一人目の友達【ちはやふる】,ブラマン,https://www.nicovideo.jp/watch/sm41167898,https://nicovideo.cdn.nimg.jp/thumbnails/41167898/41167898.84158402
【MAD】命が泣いていたんだ【推しの子】,ふぇるみ,https://www.nicovideo.jp/watch/sm41156196,https://nicovideo.cdn.nimg.jp/thumbnails/41156196/41156196.13959843
【静止画MAD】～泡沫に消えぬ夢～【破壊神マグちゃん】,ギールベルト,https://www.nicovideo.jp/watch/sm41156058,https://nicovideo.cdn.nimg.jp/thumbnails/41156058/41156058.258278
【ドラゴンボール】サイヤ人編【静止画MAD】,あああ,https://www.nicovideo.jp/watch/sm41155325,https://nicovideo.cdn.nimg.jp/thumbnails/41155325/41155325.64495122
【静止画MAD】Beginning Of The END【UNDERTALE】,春(シュン),https://www.nicovideo.jp/watch/sm41155507,https://nicovideo.cdn.nimg.jp/thumbnails/41155507/41155507.71467793
【MAD】超人X :abnormalize:,--Kei,https://www.nicovideo.jp/watch/sm41153755,https://nicovideo.cdn.nimg.jp/thumbnails/41153755/41153755.92301647
【FGO MAD】Be The Shining Stars【妖精円卓領域アヴァロン･ル･フェ】,ザマスブラック,https://www.nicovideo.jp/watch/sm41149647,https://nicovideo.cdn.nimg.jp/thumbnails/41149647/41149647.57726381
【MAD】【推しの子】「そこで待ってて」,かわしょー,https://www.nicovideo.jp/watch/sm41146827,https://nicovideo.cdn.nimg.jp/thumbnails/41146827/41146827.48667364
【静止画MAD】少女たちの軌跡【咲-saki-】,たか boon,https://www.nicovideo.jp/watch/sm41133272,https://nicovideo.cdn.nimg.jp/thumbnails/41133272/41133272.48557120
【静止画MAD】REVIVER（僕のヒーローアカデミア）,88 KS,https://www.nicovideo.jp/watch/sm41132242,https://nicovideo.cdn.nimg.jp/thumbnails/41132242/41132242.63372795
【ジョジョ第7部MAD】JoJonos - STEEL BALL RUN,ネロ,https://www.nicovideo.jp/watch/sm41125567,https://nicovideo.cdn.nimg.jp/thumbnails/41125567/41125567.6803957
【静止画MAD】サマータイムラブ【君としらない夏になる】,ina,https://www.nicovideo.jp/watch/sm41128242,https://nicovideo.cdn.nimg.jp/thumbnails/41128242/41128242.83327586
【静止画MAD】愛しいもの【夏目友人帳】,ひーぷ,https://www.nicovideo.jp/watch/sm41122619,https://nicovideo.cdn.nimg.jp/thumbnails/41122619/41122619.79383088
【静止画MAD】千年に免罪を、永遠に喝采を【由崎司】,てつ(XIAO),https://www.nicovideo.jp/watch/sm41115296,https://nicovideo.cdn.nimg.jp/thumbnails/41115296/41115296.17071126
【静止画MAD】さようならこの夏【俺ガイル】,月落满城_,https://www.nicovideo.jp/watch/sm41118271,https://nicovideo.cdn.nimg.jp/thumbnails/41118271/41118271.61230577
MAD『BLEACH 千年血戦篇』 OPインチキ版,yuu,https://www.nicovideo.jp/watch/sm41114059,https://nicovideo.cdn.nimg.jp/thumbnails/41114059/41114059.88587338
【静止画MAD】9番目の「？」【よふかしのうた】,ALINCO,https://www.nicovideo.jp/watch/sm41112577,https://nicovideo.cdn.nimg.jp/thumbnails/41112577/41112577.11520960
【静止画MAD】ハイキュー!! / シアワセ,kurobe,https://www.nicovideo.jp/watch/sm41103037,https://nicovideo.cdn.nimg.jp/thumbnails/41103037/41103037.30693443
【静止画MAD】君の膵臓をたべたい「僕は選んだ、君みたいな人間になることを。」,CANO,https://www.nicovideo.jp/watch/sm41094316,https://nicovideo.cdn.nimg.jp/thumbnails/41094316/41094316.53036390
【静止画MAD】海賊王に俺はなる【ONEPIECE】,ぼっくり,https://www.nicovideo.jp/watch/sm41089132,https://nicovideo.cdn.nimg.jp/thumbnails/41089132/41089132.41271028
【MAD】青色の本音【ブルーアーカイブ】,みかんばこ,https://www.nicovideo.jp/watch/sm41066786,https://nicovideo.cdn.nimg.jp/thumbnails/41066786/41066786.31427972
【MAD】叛逆の少女【魔法少女まどか☆マギカ】,Yohi,https://www.nicovideo.jp/watch/sm41060867,https://nicovideo.cdn.nimg.jp/thumbnails/41060867/41060867.75670139
【静止画MAD】君の夏は何色か【嫌パン】,むへお,https://www.nicovideo.jp/watch/sm41021888,https://nicovideo.cdn.nimg.jp/thumbnails/41021888/41021888.54561639
【MAD】無能なナナ - I Was Music,川神,https://www.nicovideo.jp/watch/sm41001309,https://nicovideo.cdn.nimg.jp/thumbnails/41001309/41001309.39702925
【静止画MAD】未成者【うみねこのなく頃に】,mackerel,https://www.nicovideo.jp/watch/sm41009348,https://nicovideo.cdn.nimg.jp/thumbnails/41009348/41009348.2988805
【MAD】海が走るエンドロール 「老人と海」,--Kei,https://www.nicovideo.jp/watch/sm41007667,https://nicovideo.cdn.nimg.jp/thumbnails/41007667/41007667.16669542
【静止画MAD】勇者と偽物勇者【無職転生】,TARO,https://www.nicovideo.jp/watch/sm41004019,https://nicovideo.cdn.nimg.jp/thumbnails/41004019/41004019.68850141
【静止画MAD】等身大【正反対な君と僕】,しもつき,https://www.nicovideo.jp/watch/sm40913237,https://nicovideo.cdn.nimg.jp/thumbnails/40913237/40913237.87761037
【MAD】-黒執事-,甘党,https://www.nicovideo.jp/watch/sm40882788,https://nicovideo.cdn.nimg.jp/thumbnails/40882788/40882788.59476184
【再現MAD】リコリス・リコイル × ハミダシクリエイティブ（プレムービー）,緋桐 / Higiri,https://www.nicovideo.jp/watch/sm40851772,https://nicovideo.cdn.nimg.jp/thumbnails/40851772/40851772.8800239
【MAD】寄り道【塩見周子】,シャキシャキレタス,https://www.nicovideo.jp/watch/sm40842268,https://nicovideo.cdn.nimg.jp/thumbnails/40842268/40842268.42794695
【シャニマスRemix＆MAD】いつだって僕らは -To Be Colored-,てつ(XIAO),https://www.nicovideo.jp/watch/sm40775734,https://nicovideo.cdn.nimg.jp/thumbnails/40775734/40775734.98781294
【シャニマス】相合学舎【MAD】,がぉすP,https://www.nicovideo.jp/watch/sm40771345,https://nicovideo.cdn.nimg.jp/thumbnails/40771345/40771345.91481024
【ホーキーベカコン】春鶯囀 【MAD】,シャンリー,https://www.nicovideo.jp/watch/sm40743163,https://nicovideo.cdn.nimg.jp/thumbnails/40743163/40743163.60954882
【静止画MAD】ルックバック×ソラニン,MOTA,https://www.nicovideo.jp/watch/sm40710112,https://nicovideo.cdn.nimg.jp/thumbnails/40710112/40710112.98566792
【静止画MAD】愛し哀され 悔い食われ【チェンソーマン】,sAlmΘn,https://www.nicovideo.jp/watch/sm40706587,https://nicovideo.cdn.nimg.jp/thumbnails/40706587/40706587.98592783
【MAD】とある魔術の禁書目録【退魔師は終わりを選ぶ】,ひなざむらい【MAD】,https://www.nicovideo.jp/watch/sm40690592,https://nicovideo.cdn.nimg.jp/thumbnails/40690592/40690592.64805789
【MAD】＃3b91c4【三峰結華】,眠子,https://www.nicovideo.jp/watch/sm40677185,https://nicovideo.cdn.nimg.jp/thumbnails/40677185/40677185.92409686
【MAD】Happy Typhoon【ポップリンクス】,てつ(XIAO),https://www.nicovideo.jp/watch/sm40670926,https://nicovideo.cdn.nimg.jp/thumbnails/40670926/40670926.60577381
【静止画MAD】おかえりアリス「愛欲」,CANO,https://www.nicovideo.jp/watch/sm40645215,https://nicovideo.cdn.nimg.jp/thumbnails/40645215/40645215.91742557
【静止画MAD】輪廻転生【少年のアビス】,ALINCO,https://www.nicovideo.jp/watch/sm40657677,https://nicovideo.cdn.nimg.jp/thumbnails/40657677/40657677.159825
【MAD】 海よりもまだ深く 【Ib】,軍魔,https://www.nicovideo.jp/watch/sm40636848,https://nicovideo.cdn.nimg.jp/thumbnails/40636848/40636848.15655329
【MAD】夕の跡 -黄昏乙女 × アムネジア-,甘党,https://www.nicovideo.jp/watch/sm40577343,https://nicovideo.cdn.nimg.jp/thumbnails/40577343/40577343.37517880
【MAD】The First Step 【五等分の花嫁】,にーち。,https://www.nicovideo.jp/watch/sm40482717,https://nicovideo.cdn.nimg.jp/thumbnails/40482717/40482717.27646303
お隣の天使様にいつの間にか駄目人間にされていた件,TARO,https://www.nicovideo.jp/watch/sm40429615,https://nicovideo.cdn.nimg.jp/thumbnails/40429615/40429615.27188084
【MAD】Avalon le fae【FGO妖精円卓領域アヴァロン･ル･フェ】,蒼緋,https://www.nicovideo.jp/watch/sm40424384,https://nicovideo.cdn.nimg.jp/thumbnails/40424384/40424384.39369874
【静止画MAD】Compulsive Bomber 【爆弾魔】,ぼっくり,https://www.nicovideo.jp/watch/sm40417456,https://nicovideo.cdn.nimg.jp/thumbnails/40417456/40417456.99565109
【MAD】醒めないで、青春【ストロベリーポップムーン】,ポンズ,https://www.nicovideo.jp/watch/sm40400095,https://nicovideo.cdn.nimg.jp/thumbnails/40400095/40400095.2867060
【静止画MAD】安達としまむら「特別でありたい」,CANO,https://www.nicovideo.jp/watch/sm40331321,https://nicovideo.cdn.nimg.jp/thumbnails/40331321/40331321.75395533
【MMGC2022 Day13-魅組】うさぎメイドと因果計の街 - Pluvia,Pluvia,https://www.nicovideo.jp/watch/sm40383074,https://nicovideo.cdn.nimg.jp/thumbnails/40383074/40383074.30492240
【MMGC2022 Day13-魅組】群青中描绘的物语 - Kumiko,Kumiko,https://www.nicovideo.jp/watch/sm40382688,https://nicovideo.cdn.nimg.jp/thumbnails/40382688/40382688.85808123
【MMGC2022 Day13-宣組】約束【BE BLUES！～青になれ～】 - ブラマン,ブラマン,https://www.nicovideo.jp/watch/sm40382574,https://nicovideo.cdn.nimg.jp/thumbnails/40382574/40382574.96585627
【MMGC2022 Day13-宣組】Only_one - BM,BM,https://www.nicovideo.jp/watch/sm40382519,https://nicovideo.cdn.nimg.jp/thumbnails/40382519/40382519.51804019
【MMGC2022 Day13-咏組】Stick Candy - 朝奈,朝奈,https://www.nicovideo.jp/watch/sm40382457,https://nicovideo.cdn.nimg.jp/thumbnails/40382457/40382457.4071651
【MAD】My Funny Weekend【市川雛菜】,Clank,https://www.nicovideo.jp/watch/sm40379946,https://nicovideo.cdn.nimg.jp/thumbnails/40379946/40379946.32140882
【静止画MAD】世界のおわりのペンフレンド / Small world,kurobe,https://www.nicovideo.jp/watch/sm40379614,https://nicovideo.cdn.nimg.jp/thumbnails/40379614/40379614.61433052
【MMGC2022 Day12-魅組】月白 - KAZAMI,KAZAMI,https://www.nicovideo.jp/watch/sm40376422,https://nicovideo.cdn.nimg.jp/thumbnails/40376422/40376422.35818448
【MMGC2022 Day12-宣組】逆境无赖&赤木茂 - NADPH辅酶,NADPH辅酶,https://www.nicovideo.jp/watch/sm40376326,https://nicovideo.cdn.nimg.jp/thumbnails/40376326/40376326.97440111
【MMGC2022 Day11-魅組】SPY×FAMILY【Heal Me】 - MiYa,MiYa,https://www.nicovideo.jp/watch/sm40371155,https://nicovideo.cdn.nimg.jp/thumbnails/40371155/40371155.99398913
【MMGC2022 Day11-宣組】花园牢笼里的青鸟 - 果毬,果毬,https://www.nicovideo.jp/watch/sm40371031,https://nicovideo.cdn.nimg.jp/thumbnails/40371031/40371031.3169144
【静止画MAD】這いよれ！琴子さん【虚構推理】,むへお,https://www.nicovideo.jp/watch/sm40372949,https://nicovideo.cdn.nimg.jp/thumbnails/40372949/40372949.96587745
【MMGC2022 Day10-魅组】 Here and There - Ruby,Ruby,https://www.nicovideo.jp/watch/sm40362046,https://nicovideo.cdn.nimg.jp/thumbnails/40362046/40362046.4535622
【MMGC2022 Day10-宣组】全て遠き理想郷 - 明,明,https://www.nicovideo.jp/watch/sm40361957,https://nicovideo.cdn.nimg.jp/thumbnails/40361957/40361957.6095777
【MMGC2022 Day9-魅組】兰斯传奇 Rance legend - 在下大明,在下大明,https://www.nicovideo.jp/watch/sm40361814,https://nicovideo.cdn.nimg.jp/thumbnails/40361814/40361814.9410719
【Day9-宣組】Alchemilla [タコピーの原罪] - わろわろりん,わろわろりん,https://www.nicovideo.jp/watch/sm40361674,https://nicovideo.cdn.nimg.jp/thumbnails/40361674/40361674.52993605
【MMGC2022 Day8-魅組】げんじつ・とうひ【SSSS.GRIDMAN】 - スンセア,スンセア,https://www.nicovideo.jp/watch/sm40358020,https://nicovideo.cdn.nimg.jp/thumbnails/40358020/40358020.11364619
【MMGC2022 Day8-宣組】夏日重现 - 好きFlounder,好きFlounder,https://www.nicovideo.jp/watch/sm40357459,https://nicovideo.cdn.nimg.jp/thumbnails/40357459/40357459.49216908
【MMGC2022 Day7-魅組】略带真实般的梦境 - 冷面小偷,冷面小偷,https://www.nicovideo.jp/watch/sm40350523,https://nicovideo.cdn.nimg.jp/thumbnails/40350523/40350523.52680161
【MMGC2022 Day7-宣組】DayDreamWorld - Kamro,Kamro,https://www.nicovideo.jp/watch/sm40350377,https://nicovideo.cdn.nimg.jp/thumbnails/40350377/40350377.7232625
【MMGC2022 Day7-咏組】Don't Look Back in Anger - 霁,霁,https://www.nicovideo.jp/watch/sm40350275,https://nicovideo.cdn.nimg.jp/thumbnails/40350275/40350275.93568205
【MMGC2022 Day6-魅組】MAGI -煌帝国編- - aito,あいと,https://www.nicovideo.jp/watch/sm40345554,https://nicovideo.cdn.nimg.jp/thumbnails/40345554/40345554.36530499
【MMGC2022 Day6-咏組】小小的奇迹 - ChuihaMAGI,ChuihaMAGI,https://www.nicovideo.jp/watch/sm40345367,https://nicovideo.cdn.nimg.jp/thumbnails/40345367/40345367.58976078
【MMGC2022 Day5-宣組】誓い【殺戮の天使】 - シア,シア,https://www.nicovideo.jp/watch/sm40341540,https://nicovideo.cdn.nimg.jp/thumbnails/40341540/40341540.70184055
【MMGC2022 Day5-咏組】黑鸫之歌 - 枫翎火樱,枫翎火樱,https://www.nicovideo.jp/watch/sm40341454,https://nicovideo.cdn.nimg.jp/thumbnails/40341454/40341454.38751108
【MMGC2022 Day4-魅組】爱的形式 - TAMAMOV5,TAMAMOV5,https://www.nicovideo.jp/watch/sm40335847,https://nicovideo.cdn.nimg.jp/thumbnails/40335847/40335847.604418
【MMGC2022 Day4-宣組】悸动青春 - 雪团子i,雪团子i,https://www.nicovideo.jp/watch/sm40335829,https://nicovideo.cdn.nimg.jp/thumbnails/40335829/40335829.55747531
【MMGC2022 Day3-魅組】群青世界 - 杰zI_,杰zI_,https://www.nicovideo.jp/watch/sm40330799,https://nicovideo.cdn.nimg.jp/thumbnails/40330799/40330799.94287097
【MMGC2022 Day3-咏組】その男、最強につき──【SAKAMOTO DAYS】 - ぼっくり,ぼっくり,https://www.nicovideo.jp/watch/sm40330757,https://nicovideo.cdn.nimg.jp/thumbnails/40330757/40330757.7463888
【MMGC2022 Day3-宣組】 瞬间的永恒 - Mappuccino,Mappuccino,https://www.nicovideo.jp/watch/sm40330672,https://nicovideo.cdn.nimg.jp/thumbnails/40330672/40330672.64375750
【MMGC2022 Day2-魅組】from Blue - テラバイト☆ゆういち,テラバイト☆ゆういち,https://www.nicovideo.jp/watch/sm40325792,https://nicovideo.cdn.nimg.jp/thumbnails/40325792/40325792.42633059
【MMGC2022 Day2-宣組】终止论证的戏剧性讨校 - 一之上调和,一之上调和,https://www.nicovideo.jp/watch/sm40325455,https://nicovideo.cdn.nimg.jp/thumbnails/40325455/40325455.70731600
【MMGC2022 Day2-咏組】Redward - 緖紅,緖紅,https://www.nicovideo.jp/watch/sm40325111,https://nicovideo.cdn.nimg.jp/thumbnails/40325111/40325111.25881181
【MMGC2022 Day1-魅組】今日は何もない素晴らしい一日だった【ひだまりスケッチ】- てつ(XIAO),てつ(XIAO),https://www.nicovideo.jp/watch/sm40321690,https://nicovideo.cdn.nimg.jp/thumbnails/40321690/40321690.64142808
【MMGC2022 Day1-宣組】遗失彼岸 - 夜猫,夜猫,https://www.nicovideo.jp/watch/sm40321651,https://nicovideo.cdn.nimg.jp/thumbnails/40321651/40321651.34747256
【MMGC2022 Day1-咏組】自动完成的万雌王养成计划 - 吃饭团的渠,吃饭团的渠,https://www.nicovideo.jp/watch/sm40321528,https://nicovideo.cdn.nimg.jp/thumbnails/40321528/40321528.31199177
【静止画mad】タダシイ選択【ゼロカラカサネルイセカイセイカツ】,ひーぷ,https://www.nicovideo.jp/watch/sm40259450,https://nicovideo.cdn.nimg.jp/thumbnails/40259450/40259450.91121693
【静止画MAD】るるちゃんの自殺配信【タコピーの原罪】,ALINCO,https://www.nicovideo.jp/watch/sm40223801,https://nicovideo.cdn.nimg.jp/thumbnails/40223801/40223801.94589350
【MAD】2021年にERG戦士たちを支えてくれた娘たち,合作(浜木綿、KAZAMI、いざなぎ、皐月零、Pluvia、朝奈、KaiVal、日なた猫),https://www.nicovideo.jp/watch/sm40222273,https://nicovideo.cdn.nimg.jp/thumbnails/40222273/40222273.19384261
【静止画MAD】Bright &　Right 【かぐや様】,松子,https://www.nicovideo.jp/watch/sm40159663,https://nicovideo.cdn.nimg.jp/thumbnails/40159663/40159663.97961830.M
【MAD】Creeping Black【マンハッタンカフェ】,しもつき,https://www.nicovideo.jp/watch/sm40133346,https://nicovideo.cdn.nimg.jp/thumbnails/40133346/40133346.75274465
【MAD】その身の運命尽き果てるその最後の瞬間まで【86 －エイティシックス－】,yomo_,https://www.nicovideo.jp/watch/sm40132788,https://nicovideo.cdn.nimg.jp/thumbnails/40132788/40132788.63057377
ゆるしてゆるしてゆるしてゆるしてゆるしてゆるしてゆるしてゆるしてゆるしてゆるしてゆるしてゆるしてゆるしてゆるしてゆるしてゆるしてゆるしてゆるしてゆるしてゆるしてゆるしてゆるしてゆるしてゆるしてゆるして,腎臓,https://www.nicovideo.jp/watch/sm40129475,https://nicovideo.cdn.nimg.jp/thumbnails/40129475/40129475.70454102
【MAD】タコピーの原罪,Mizumi,https://www.nicovideo.jp/watch/sm40123925,https://nicovideo.cdn.nimg.jp/thumbnails/40123925/40123925.74445744
ヘブバン30秒CM風「命」編,JEKYLL＠しゃかしゃかの人,https://www.nicovideo.jp/watch/sm40121174,https://nicovideo.cdn.nimg.jp/thumbnails/40121174/40121174.17325657
【やがて君になる】平行線【MAD】,シャンリー,https://www.nicovideo.jp/watch/sm40095168,https://nicovideo.cdn.nimg.jp/thumbnails/40095168/40095168.56588191
【MAD】HEAVEN BURNS RED 【ヘブバン・ヘブンバーンズレッド】,ゆしし,https://www.nicovideo.jp/watch/sm40082135,https://nicovideo.cdn.nimg.jp/thumbnails/40082135/40082135.40753627
【静止画MAD】spit!【SAKAMOTO DAYS】,ALINCO,https://www.nicovideo.jp/watch/sm40066762,https://nicovideo.cdn.nimg.jp/thumbnails/40066762/40066762.92156470
"【MAD】Your life is your own【さくら、もゆ。-as the Night's, Reincarnation-】",みかんばこ,https://www.nicovideo.jp/watch/sm39975413,https://nicovideo.cdn.nimg.jp/thumbnails/39975413/39975413.43960801
【静止画MAD】ブルーピリオド「アイデンティティ」,CANO,https://www.nicovideo.jp/watch/sm39953756,https://nicovideo.cdn.nimg.jp/thumbnails/39953756/39953756.22495274
【MAD】彼女にとっての小さな奇蹟,日なた猫,https://www.nicovideo.jp/watch/sm39838434,https://nicovideo.cdn.nimg.jp/thumbnails/39838434/39838434.26330600
海岸線天使が行く含羞に頬染めて,てへ,,
【AMV/MAD】恋する(おとめ)の作り方【Just】,Nanatsuki,https://www.youtube.com/watch?v=_PUrzDGlFrg,https://i.ytimg.com/vi/_PUrzDGlFrg/hqdefault.jpg?sqp=-oaymwEcCPYBEIoBSFXyq4qpAw4IARUAAIhCGAFwAcABBg==&rs=AOn4CLAb8WDYr4aJ385k5RjvTfTD3mozWw
【AMV/MAD】きみが死ぬまで恋をしたい【シュプレヒコール】,Nanatsuki,https://www.youtube.com/watch?v=NVcVxddOzPs,https://i.ytimg.com/vi/NVcVxddOzPs/hqdefault.jpg?sqp=-oaymwEcCPYBEIoBSFXyq4qpAw4IARUAAIhCGAFwAcABBg==&rs=AOn4CLCJBTj3rZKUQ2W6vfXMsHzOtgXrWQ
【AMV/MAD】超人X【懐色、虚色】,Nanatsuki,https://www.youtube.com/watch?v=WuJaMwvgpmM,https://i.ytimg.com/vi/WuJaMwvgpmM/hqdefault.jpg?sqp=-oaymwEcCPYBEIoBSFXyq4qpAw4IARUAAIhCGAFwAcABBg==&rs=AOn4CLAAGStEKodpmfBmQjB-sOnOdKos4w
【AMV/MAD】スペクトラルウィザード【声】,Nanatsuki,https://www.youtube.com/watch?v=Udogrothpr0,https://i.ytimg.com/vi/Udogrothpr0/hqdefault.jpg?sqp=-oaymwEcCPYBEIoBSFXyq4qpAw4IARUAAIhCGAFwAcABBg==&rs=AOn4CLByVZ7El7cChNS7vXFPf5bpNTVs9g