title,editor,url,src
【まどまぎ】ほむらちゃんを巨乳・爆乳にしてAI作成,かさかささん2アカ,https://www.nicovideo.jp/watch/sm41586547,https://nicovideo.cdn.nimg.jp/thumbnails/41586547/41586547.28350936
【MAD】ReCreate#【創作彼女の恋愛公式】,MADEVENT_SP02,https://www.nicovideo.jp/watch/sm41579568,https://nicovideo.cdn.nimg.jp/thumbnails/41579568/41579568.29722413
【MAD】夜想【さくら、もゆ。】,MADEVENT_SP02,https://www.nicovideo.jp/watch/sm41579556,https://nicovideo.cdn.nimg.jp/thumbnails/41579556/41579556.51058824
【MAD】Waltz For The End【終のステラ】,MADEVENT_SP02,https://www.nicovideo.jp/watch/sm41579525,https://nicovideo.cdn.nimg.jp/thumbnails/41579525/41579525.82818575
【MAD】夏の終わり、世界の終わり【夏ノ終熄】,MADEVENT_SP02,https://www.nicovideo.jp/watch/sm41562456,https://nicovideo.cdn.nimg.jp/thumbnails/41562456/41562456.37554683
【MAD】満願成就【抜きゲーみたいな島に住んでる貧乳はどうすりゃいいですか？】,MADEVENT_SP02,https://www.nicovideo.jp/watch/sm41562401,https://nicovideo.cdn.nimg.jp/thumbnails/41562401/41562401.72328178
Fate／hollow ataraxia　Cinderella-stairs,sakusaku5656,https://www.nicovideo.jp/watch/sm41573952,https://nicovideo.cdn.nimg.jp/thumbnails/41573952/41573952.5209164
【MAD】 午前０時の＊透明少女 【ゆるゆり】,MADMAX,https://www.nicovideo.jp/watch/sm41566192,https://nicovideo.cdn.nimg.jp/thumbnails/41566192/41566192.15063490
【MAD】 「I」 【やがて君になる】,MADMAX,https://www.nicovideo.jp/watch/sm41566164,https://nicovideo.cdn.nimg.jp/thumbnails/41566164/41566164.51197393
【MAD】Be your wings【Tiny Dungeon】,MADEVENT_SP02,https://www.nicovideo.jp/watch/sm41562314,https://nicovideo.cdn.nimg.jp/thumbnails/41562314/41562314.54180719
【MAD】风花【はつゆきさくら】,MADEVENT_SP02,https://www.nicovideo.jp/watch/sm41562274,https://nicovideo.cdn.nimg.jp/thumbnails/41562274/41562274.10043253
BALDR FORCE　D.I.V.E.,sakusaku5656,https://www.nicovideo.jp/watch/sm41567259,https://nicovideo.cdn.nimg.jp/thumbnails/41567259/41567259.81681772
Fate／stay night　Bb[Avalon]_verβ,sakusaku5656,https://www.nicovideo.jp/watch/sm41567206,https://nicovideo.cdn.nimg.jp/thumbnails/41567206/41567206.60889122
Fate　Lucid Dream；Delusion,sakusaku5656,https://www.nicovideo.jp/watch/sm41567175,https://nicovideo.cdn.nimg.jp/thumbnails/41567175/41567175.93811536
マブラヴ　Love Bomb,sakusaku5656,https://www.nicovideo.jp/watch/sm41567163,https://nicovideo.cdn.nimg.jp/thumbnails/41567163/41567163.29093263
【MAD】 最後の一欠片 【昴スバル】,MADMAX,https://www.nicovideo.jp/watch/sm41565992,https://nicovideo.cdn.nimg.jp/thumbnails/41565992/41565992.17100829
【MAD】 ベルフェゴールの探求 【つれないほど青くて あざといくらいに赤い】,MADMAX,https://www.nicovideo.jp/watch/sm41562288,https://nicovideo.cdn.nimg.jp/thumbnails/41562288/41562288.55987497
【MAD】青藍【春に咲く、修羅のごとく】,MADMAX,https://www.nicovideo.jp/watch/sm41566472,https://nicovideo.cdn.nimg.jp/thumbnails/41566472/41566472.25861294
【MAD】すべての夢みる私たちのために【白昼夢の青写真】,MADEVENT_SP02,https://www.nicovideo.jp/watch/sm41558144,https://nicovideo.cdn.nimg.jp/thumbnails/41558144/41558144.79402944
【MAD】告白【友だちから恋びとへ】,MADEVENT_SP02,https://www.nicovideo.jp/watch/sm41558131,https://nicovideo.cdn.nimg.jp/thumbnails/41558131/41558131.20821429
【MAD】 2つの原点 【僕のヒーローアカデミア】,MADMAX,https://www.nicovideo.jp/watch/sm41554842,https://nicovideo.cdn.nimg.jp/thumbnails/41554842/41554842.66807851
【MAD】宝物を探しに【マルコと銀河竜】,MADEVENT_SP02,https://www.nicovideo.jp/watch/sm41557877,https://nicovideo.cdn.nimg.jp/thumbnails/41557877/41557877.25887442
【MAD】世の中数字と言うけれど【AMBITIOUS MISSION】,MADEVENT_SP02,https://www.nicovideo.jp/watch/sm41557868,https://nicovideo.cdn.nimg.jp/thumbnails/41557868/41557868.40636423
【静止画MAD】 汝の隣人を愛せよ 【エクソシストを堕とせない】,MADMAX,https://www.nicovideo.jp/watch/sm41554885,https://nicovideo.cdn.nimg.jp/thumbnails/41554885/41554885.80446296
【けいおん！】爆乳な秋山澪ちゃんが見たくなったのでAIに描いてもらった,かさかささん2アカ,https://www.nicovideo.jp/watch/sm41561810,https://nicovideo.cdn.nimg.jp/thumbnails/41561810/41561810.18023613
ノリノリ卵,びおたまご,https://www.nicovideo.jp/watch/sm41559089,https://nicovideo.cdn.nimg.jp/thumbnails/41559089/41559089.72501818
【MAD】 嘘と本当と幸せ 【シンフォニック＝レイン】,MADMAX,https://www.nicovideo.jp/watch/sm41554662,https://nicovideo.cdn.nimg.jp/thumbnails/41554662/41554662.39873142
【MAD】 rabiNico 【ガヴリールドロップアウト】,MADMAX,https://www.nicovideo.jp/watch/sm41551903,https://nicovideo.cdn.nimg.jp/thumbnails/41551903/41551903.29859182
【MAD】天津罪【アマツツミ】,MADEVENT_SP02,https://www.nicovideo.jp/watch/sm41552552,https://nicovideo.cdn.nimg.jp/thumbnails/41552552/41552552.27323307
【MAD】くそっ、我慢できない、一発で地球を爆破する！【千の刃濤、桃花染の皇姫】,MADEVENT_SP02,https://www.nicovideo.jp/watch/sm41552522,https://nicovideo.cdn.nimg.jp/thumbnails/41552522/41552522.51108039
【MAD】ProFilE【複合】,MADEVENT_SP02,https://www.nicovideo.jp/watch/sm41552511,https://nicovideo.cdn.nimg.jp/thumbnails/41552511/41552511.68527347
【MAD】 あなたのために書かれた物語 【魔法少女まどか☆マギカ】,MADMAX,https://www.nicovideo.jp/watch/sm41551398,https://nicovideo.cdn.nimg.jp/thumbnails/41551398/41551398.46850771
【ウマ娘シンデレラグレイ】無心拍数【静止画MAD】,d4c,https://www.nicovideo.jp/watch/sm41557466,https://nicovideo.cdn.nimg.jp/thumbnails/41557466/41557466.65946498
【静止画MAD】恋する(おとめ)の作り方「それでも君といたい」,CANO MAD,https://www.nicovideo.jp/watch/sm41440868,https://nicovideo.cdn.nimg.jp/thumbnails/41440868/41440868.67686037
【MAD】Understand? Understand!【田中琴葉/高坂海美】,ポンズ,https://www.nicovideo.jp/watch/sm41552332,https://nicovideo.cdn.nimg.jp/thumbnails/41552332/41552332.50471398
【MAD】 範馬 【グラップラー刃牙】,MADMAX,https://www.nicovideo.jp/watch/sm41546534,https://nicovideo.cdn.nimg.jp/thumbnails/41546534/41546534.62880598
【MAD】 私だけの世界 【魔法少女まどか☆マギカ】,MADMAX,https://www.nicovideo.jp/watch/sm41546484,https://nicovideo.cdn.nimg.jp/thumbnails/41546484/41546484.85503329
【PrismRhythmOPパロ】H2O Rhythm,あでぃ,https://www.nicovideo.jp/watch/sm41529675,https://nicovideo.cdn.nimg.jp/thumbnails/41529675/41529675.78550829
【MAD】 光の本質 【よふかしのうた】,MADMAX,https://www.nicovideo.jp/watch/sm41550569,https://nicovideo.cdn.nimg.jp/thumbnails/41550569/41550569.47626267
【MAD】仮面少女は熱帯魚の夢を見る【絢辻詞】,柳。,https://www.nicovideo.jp/watch/sm41551333,https://nicovideo.cdn.nimg.jp/thumbnails/41551333/41551333.50074470
"4thLive &quot;The sky will clear, now and years beyond&quot; OvertureMovie.mp4【MAD】",CYANGE,https://www.nicovideo.jp/watch/sm41546848,https://nicovideo.cdn.nimg.jp/thumbnails/41546848/41546848.10955564
【MAD】「永遠の愛」【Aster】,MADMAX,https://www.nicovideo.jp/watch/sm41540398,https://nicovideo.cdn.nimg.jp/thumbnails/41540398/41540398.57183634
【MAD】 仮説 【宇宙検閲官】,MADMAX,https://www.nicovideo.jp/watch/sm41545990,https://nicovideo.cdn.nimg.jp/thumbnails/41545990/41545990.9956160
【MAD】 魂の叫びの物語 【SHIORI EXPERIENCE ジミなわたしとヘンなおじさん】,MADMAX,https://www.nicovideo.jp/watch/sm41545633,https://nicovideo.cdn.nimg.jp/thumbnails/41545633/41545633.12220400
【MAD】 どこまでも続く青 【ILY.】,MADMAX,https://www.nicovideo.jp/watch/sm41536857,https://nicovideo.cdn.nimg.jp/thumbnails/41536857/41536857.91342474
【MAD】オチないあいつ【黒岩メダカに私の可愛いが通じない】,CANO MAD,https://www.nicovideo.jp/watch/sm41521301,https://nicovideo.cdn.nimg.jp/thumbnails/41521301/41521301.13565362
【MAD】 君がわたしにくれた七日間。 【いろとりどりのセカイ】,MADMAX,https://www.nicovideo.jp/watch/sm41541221,https://nicovideo.cdn.nimg.jp/thumbnails/41541221/41541221.3758930
【MAD】寄宿学校のジュリエット - Love with You,川神,https://www.nicovideo.jp/watch/sm41537330,https://nicovideo.cdn.nimg.jp/thumbnails/41537330/41537330.29855222
【ブーツレグ】BOOTSLEG#1-3,ゆしし,https://www.nicovideo.jp/watch/sm41539972,https://nicovideo.cdn.nimg.jp/thumbnails/41539972/41539972.6308154
【静止画MAD】small hero 【サンダー3】,ねたろー,https://www.nicovideo.jp/watch/sm41540453,https://nicovideo.cdn.nimg.jp/thumbnails/41540453/41540453.32016080
【AI画像】AI技術により、のどっちにメガネをかけさせる事に成功した,かさかささん2アカ,https://www.nicovideo.jp/watch/sm41538662,https://nicovideo.cdn.nimg.jp/thumbnails/41538662/41538662.15942821
【MAD】 ずっと隣で。 【ソードアート・オンライン】,MADMAX,https://www.nicovideo.jp/watch/sm41536442,https://nicovideo.cdn.nimg.jp/thumbnails/41536442/41536442.15120950
【MAD】 カタワレの追憶 【君の膵臓をたべたい】,MADMAX,https://www.nicovideo.jp/watch/sm41536374,https://nicovideo.cdn.nimg.jp/thumbnails/41536374/41536374.53708825
AIによって作成された非常に健全なバニーガール,かさかささん2アカ,https://www.nicovideo.jp/watch/sm41536116,https://nicovideo.cdn.nimg.jp/thumbnails/41536116/41536116.92565735
【MAD】 A Song for 【キラ☆キラ】,MADMAX,https://www.nicovideo.jp/watch/sm41532989,https://nicovideo.cdn.nimg.jp/thumbnails/41532989/41532989.26067731
【MAD】AIの作ったアニメ風の少女が可愛い,かさかささん2アカ,https://www.nicovideo.jp/watch/sm41527586,https://nicovideo.cdn.nimg.jp/thumbnails/41527586/41527586.45976516
【静止画MAD】薫る花は凛と咲く【ありがとう】,みすず,https://www.nicovideo.jp/watch/sm41520491,https://nicovideo.cdn.nimg.jp/thumbnails/41520491/41520491.16218635
【手描き原神】放浪者·おしゃかしゃま【静止画MAD】,ROM,https://www.nicovideo.jp/watch/sm41519729,https://nicovideo.cdn.nimg.jp/thumbnails/41519729/41519729.29101114
死亡遊戯で飯を食う。,TARO,https://www.nicovideo.jp/watch/sm41510548,https://nicovideo.cdn.nimg.jp/thumbnails/41510548/41510548.74034170
BRUCᒧEE CƟNNE✕IƟN,澄夐,https://www.nicovideo.jp/watch/sm41492377,https://nicovideo.cdn.nimg.jp/thumbnails/41492377/41492377.53768036
【静止画MAD】先輩はおとこのこ×115万キロのフィルム,..,https://www.nicovideo.jp/watch/sm41485879,https://nicovideo.cdn.nimg.jp/thumbnails/41485879/41485879.58381663
【静止画MAD】かのかり×115万キロのフィルム,..,https://www.nicovideo.jp/watch/sm41485864,https://nicovideo.cdn.nimg.jp/thumbnails/41485864/41485864.30459168
【静止画MAD】僕は今日も■■■【ブルーピリオド】,ALINCO,https://www.nicovideo.jp/watch/sm41481724,https://nicovideo.cdn.nimg.jp/thumbnails/41481724/41481724.31483195
【CM風MAD】新約とある魔術の禁書目録22リバース,ひなざむらい【MAD】,https://www.nicovideo.jp/watch/sm41476206,https://nicovideo.cdn.nimg.jp/thumbnails/41476206/41476206.86683467
【静止画MAD】彼方の君へ【さよなら絵梨】,MOTA,https://www.nicovideo.jp/watch/sm41474875,https://nicovideo.cdn.nimg.jp/thumbnails/41474875/41474875.10701672
【手描き静止画MAD】とある再起の悪役令嬢(ヴィレイネス)【とある二次創作】,家葉,https://www.nicovideo.jp/watch/sm41474506,https://nicovideo.cdn.nimg.jp/thumbnails/41474506/41474506.42912136
(60fps)2021年クソゲーオブザイヤーinエロゲー板　OP部分,エロゲ関連動画制作用垢,https://www.nicovideo.jp/watch/sm41459639,https://nicovideo.cdn.nimg.jp/thumbnails/41459639/41459639.94715419
【手描き】月ノ美兎をチェンソーマン風にしてみた【手描きMAD】,ずりやよ,https://www.nicovideo.jp/watch/sm41450258,https://nicovideo.cdn.nimg.jp/thumbnails/41450258/41450258.95481560
神羅万象チョコ 第二章 MAD｢ELEMENTS｣,T.ユーキ,https://www.nicovideo.jp/watch/sm41446902,https://nicovideo.cdn.nimg.jp/thumbnails/41446902/41446902.51027137
【アークナイツ】Infected【静止画MAD】,bone.senbei,https://www.nicovideo.jp/watch/sm41394468,https://nicovideo.cdn.nimg.jp/thumbnails/41394468/41394468.7325861
【MAD】楽園の証明【ブルーアーカイブ】,かきしじみ,https://www.nicovideo.jp/watch/sm41393777,https://nicovideo.cdn.nimg.jp/thumbnails/41393777/41393777.65265050
祝福～白菊ほたるの軌跡～,ゲスト,https://www.nicovideo.jp/watch/sm41387199,https://nicovideo.cdn.nimg.jp/thumbnails/41387199/41387199.83520131
おやすみ、チェンソーマン。,Regnarts 虚,https://www.nicovideo.jp/watch/sm41373239,https://nicovideo.cdn.nimg.jp/thumbnails/41373239/41373239.66401197
【静止画MAD】トオトロジイダウトフル【チェンソーマン】,ゲスト,https://www.nicovideo.jp/watch/sm41349994,https://nicovideo.cdn.nimg.jp/thumbnails/41349994/41349994.49102930
【MAD】 空のふたつ星 【見上げてごらん、夜空の星を】,あゆる,https://www.nicovideo.jp/watch/sm41346156,https://nicovideo.cdn.nimg.jp/thumbnails/41346156/41346156.93615706
【静止画MAD】かげろう【はねバド！】,色々色,https://www.nicovideo.jp/watch/sm41343120,https://nicovideo.cdn.nimg.jp/thumbnails/41343120/41343120.6511942
【MAD】ブルーアーカイブ｜Alia「かくれんぼ」,守護霊2,https://www.nicovideo.jp/watch/sm41340787,https://nicovideo.cdn.nimg.jp/thumbnails/41340787/41340787.49451718
ミリシタ「風花」四条貴音　（静止画MAD),ミネラル,https://www.nicovideo.jp/watch/sm41330779,https://nicovideo.cdn.nimg.jp/thumbnails/41330779/41330779.70398693
【芸人MAD】ロコディ×天国と地獄【音MAD】,..,https://www.nicovideo.jp/watch/sm41324022,https://nicovideo.cdn.nimg.jp/thumbnails/41324022/41324022.64449761
【MAD】古橋文乃の関係≧方程式【ぼくたちは勉強ができない】,mee,https://www.nicovideo.jp/watch/sm41301191,https://nicovideo.cdn.nimg.jp/thumbnails/41301191/41301191.52077303
晴がきた,つば,https://www.nicovideo.jp/watch/sm41270423,https://nicovideo.cdn.nimg.jp/thumbnails/41270423/41270423.51078880
winning the soul～ウマ娘シンデレラグレイ～,ツァール,https://www.nicovideo.jp/watch/sm41268050,https://nicovideo.cdn.nimg.jp/thumbnails/41268050/41268050.32856775
【MAD】D.C.シリーズ×サクラアマネクセカイ【静止画MAD】,..,https://www.nicovideo.jp/watch/sm41266663,https://nicovideo.cdn.nimg.jp/thumbnails/41266663/41266663.97663690
【静止画MAD】チェンソーマン,七瀬 ケイゴ,https://www.nicovideo.jp/watch/sm41266205,https://nicovideo.cdn.nimg.jp/thumbnails/41266205/41266205.74146395
【静止画MAD】推しの子　『もっと私を見て』,ピクルス,https://www.nicovideo.jp/watch/sm41264833,https://nicovideo.cdn.nimg.jp/thumbnails/41264833/41264833.60309384
【静止画MAD】イカ娘×RED_ZONE,イカ娘,https://www.nicovideo.jp/watch/sm41258037,https://nicovideo.cdn.nimg.jp/thumbnails/41258037/41258037.65583983
【ドラゴンボール】サイヤ人編 Drei Kreuz～鋼のサバイバー～【静止画MAD】,あああ,https://www.nicovideo.jp/watch/sm41254502,https://nicovideo.cdn.nimg.jp/thumbnails/41254502/41254502.16758984
【静止画MAD】SUN DANCE【束の間の一花】,ALINCO,https://www.nicovideo.jp/watch/sm41249800,https://nicovideo.cdn.nimg.jp/thumbnails/41249800/41249800.84852440
【MAD】私が全部教えてあげる【ネタバレ注意】,ずりやよ,https://www.nicovideo.jp/watch/sm41249135,https://nicovideo.cdn.nimg.jp/thumbnails/41249135/41249135.7211676
【ゲームMAD】D.C.シリーズ×キミにささげるあいのマホウ【歌詞付き】,..,https://www.nicovideo.jp/watch/sm41241610,https://nicovideo.cdn.nimg.jp/thumbnails/41241610/41241610.71613518
[静止画]YOUKAI SHOMARU【正丸駅xYOUKAI ZONE】,Nick,https://www.nicovideo.jp/watch/sm41240682,https://nicovideo.cdn.nimg.jp/thumbnails/41240682/41240682.27525275
呪術廻戦×Nobody'sHome【静止画MAD】,狛磨,https://www.nicovideo.jp/watch/sm41237815,https://nicovideo.cdn.nimg.jp/thumbnails/41237815/41237815.39616857
【チェンソーマン】マキマとクァンシと岸辺【静止画mad？】,コックKawasaKi,https://www.nicovideo.jp/watch/sm41222058,https://nicovideo.cdn.nimg.jp/thumbnails/41222058/41222058.77192704
【我那覇響】花束に日常を。,阿羅他＠アラタ,https://www.nicovideo.jp/watch/sm41212217,https://nicovideo.cdn.nimg.jp/thumbnails/41212217/41212217.96778847
【MAD】 The Days I Spent with You 【月姫 -A piece of blue glass moon-】,ぐんま,https://www.nicovideo.jp/watch/sm41197391,https://nicovideo.cdn.nimg.jp/thumbnails/41197391/41197391.1600341
[静止画MAD]　怪獣８号　- What are u waiting for ? -　[ネタバレあり],オフサイド山田,https://www.nicovideo.jp/watch/sm41196466,https://nicovideo.cdn.nimg.jp/thumbnails/41196466/41196466.22595786
神羅万象チョコ 第一章 MAD｢EGO～eyes glazing over｣,T.ユーキ,https://www.nicovideo.jp/watch/sm41196446,https://nicovideo.cdn.nimg.jp/thumbnails/41196446/41196446.70025846
【静止画MAD】呪術廻戦0,静虎,https://www.nicovideo.jp/watch/sm41188032,https://nicovideo.cdn.nimg.jp/thumbnails/41188032/41188032.28714373
【静止画MAD / FGO2部6章】星の生まれる刻,baban,https://www.nicovideo.jp/watch/sm41179722,https://nicovideo.cdn.nimg.jp/thumbnails/41179722/41179722.21863098
【MAD】百一人目の友達【ちはやふる】,ブラマン,https://www.nicovideo.jp/watch/sm41167898,https://nicovideo.cdn.nimg.jp/thumbnails/41167898/41167898.84158402
MAD - 家庭教師ヒットマン REBORN!!,Grapha,https://www.nicovideo.jp/watch/sm41156227,https://nicovideo.cdn.nimg.jp/thumbnails/41156227/41156227.38252132
AI Kyoko,sola,https://www.nicovideo.jp/watch/sm41154997,https://nicovideo.cdn.nimg.jp/thumbnails/41154997/41154997.51469421
【MAD】ダダダダ天使 / アリス【SAO】【修正版】,MAY,https://www.nicovideo.jp/watch/sm41156275,https://nicovideo.cdn.nimg.jp/thumbnails/41156275/41156275.9034605
【MAD】命が泣いていたんだ【推しの子】,ふぇるみ,https://www.nicovideo.jp/watch/sm41156196,https://nicovideo.cdn.nimg.jp/thumbnails/41156196/41156196.13959843
【静止画MAD】～泡沫に消えぬ夢～【破壊神マグちゃん】,ギールベルト,https://www.nicovideo.jp/watch/sm41156058,https://nicovideo.cdn.nimg.jp/thumbnails/41156058/41156058.258278
【静止画MAD/AMV】共に、いつまでも...,Regnarts 虚,https://www.nicovideo.jp/watch/sm41156173,https://nicovideo.cdn.nimg.jp/thumbnails/41156173/41156173.61474521
【静止画MAD/AMV】願い,Regnarts 虚,https://www.nicovideo.jp/watch/sm41156159,https://nicovideo.cdn.nimg.jp/thumbnails/41156159/41156159.38451990
【静止画MAD/AMV】不幸,Regnarts 虚,https://www.nicovideo.jp/watch/sm41156136,https://nicovideo.cdn.nimg.jp/thumbnails/41156136/41156136.69719906
【静止画MAD/AMV】最悪,Regnarts 虚,https://www.nicovideo.jp/watch/sm41156116,https://nicovideo.cdn.nimg.jp/thumbnails/41156116/41156116.65436795
【静止画MAD/AMV】理想郷,Regnarts 虚,https://www.nicovideo.jp/watch/sm41156066,https://nicovideo.cdn.nimg.jp/thumbnails/41156066/41156066.26696536
【静止画MAD/AMV】エラー,Regnarts 虚,https://www.nicovideo.jp/watch/sm41155984,https://nicovideo.cdn.nimg.jp/thumbnails/41155984/41155984.22841535
【ドラゴンボール】サイヤ人編【静止画MAD】,あああ,https://www.nicovideo.jp/watch/sm41155325,https://nicovideo.cdn.nimg.jp/thumbnails/41155325/41155325.64495122
【静止画MAD】Beginning Of The END【UNDERTALE】,春(シュン),https://www.nicovideo.jp/watch/sm41155507,https://nicovideo.cdn.nimg.jp/thumbnails/41155507/41155507.71467793
【MAD】超人X　:abnormalize:,--Kei,https://www.nicovideo.jp/watch/sm41153755,https://nicovideo.cdn.nimg.jp/thumbnails/41153755/41153755.92301647
【MAD】ブルーピリオド/Squall,ひなざむらい【MAD】,https://www.nicovideo.jp/watch/sm41151424,https://nicovideo.cdn.nimg.jp/thumbnails/41151424/41151424.89794415
【FGO MAD】Be The Shining Stars【妖精円卓領域アヴァロン･ル･フェ】,ザマスブラック,https://www.nicovideo.jp/watch/sm41149647,https://nicovideo.cdn.nimg.jp/thumbnails/41149647/41149647.57726381
ミリシタ「ハルカナミライ」天海春香/春日未来　（静止画MAD),ミネラル,https://www.nicovideo.jp/watch/sm41147156,https://nicovideo.cdn.nimg.jp/thumbnails/41147156/41147156.64182387
【MAD】【推しの子】「そこで待ってて」,kawasho,https://www.nicovideo.jp/watch/sm41146827,https://nicovideo.cdn.nimg.jp/thumbnails/41146827/41146827.48667364
【静止画MAD】少女たちの軌跡【咲-saki-】,たか boon,https://www.nicovideo.jp/watch/sm41133272,https://nicovideo.cdn.nimg.jp/thumbnails/41133272/41133272.48557120
【静止画MAD】REVIVER（僕のヒーローアカデミア）,88 KS,https://www.nicovideo.jp/watch/sm41132242,https://nicovideo.cdn.nimg.jp/thumbnails/41132242/41132242.63372795
【ジョジョ第7部MAD】JoJonos - STEEL BALL RUN,ネロ,https://www.nicovideo.jp/watch/sm41125567,https://nicovideo.cdn.nimg.jp/thumbnails/41125567/41125567.6803957
【静止画MAD】サマータイムラブ【君としらない夏になる】,ina,https://www.nicovideo.jp/watch/sm41128242,https://nicovideo.cdn.nimg.jp/thumbnails/41128242/41128242.83327586
【静止画MAD】愛しいもの【夏目友人帳】,ひーぷ,https://www.nicovideo.jp/watch/sm41122619,https://nicovideo.cdn.nimg.jp/thumbnails/41122619/41122619.79383088
【静止画MAD】千年に免罪を、永遠に喝采を【由崎司】,てつ(XIAO),https://www.nicovideo.jp/watch/sm41115296,https://nicovideo.cdn.nimg.jp/thumbnails/41115296/41115296.17071126
【静止画MAD】さようならこの夏【俺ガイル】,月落满城_,https://www.nicovideo.jp/watch/sm41118271,https://nicovideo.cdn.nimg.jp/thumbnails/41118271/41118271.61230577
MAD『BLEACH 千年血戦篇』 OPインチキ版,yuu,https://www.nicovideo.jp/watch/sm41114059,https://nicovideo.cdn.nimg.jp/thumbnails/41114059/41114059.88587338
【静止画MAD】9番目の「？」【よふかしのうた】,ALINCO,https://www.nicovideo.jp/watch/sm41112577,https://nicovideo.cdn.nimg.jp/thumbnails/41112577/41112577.11520960
【ED】『抜きゲーみたいな島に住んでる貧乳はどうすりゃいいですか？』EDムービー,くらしな,https://www.nicovideo.jp/watch/sm41105185,https://nicovideo.cdn.nimg.jp/thumbnails/41105185/41105185.92833711
【静止画MAD】ハイキュー!! / シアワセ,kurobe,https://www.nicovideo.jp/watch/sm41103037,https://nicovideo.cdn.nimg.jp/thumbnails/41103037/41103037.30693443
【MAD】まりほりキャストでAKB49,wami,https://www.nicovideo.jp/watch/sm41102343,https://nicovideo.cdn.nimg.jp/thumbnails/41102343/41102343.13565813
【静止画MAD】君の膵臓をたべたい「僕は選んだ、君みたいな人間になることを。」,CANO MAD,https://www.nicovideo.jp/watch/sm41094316,https://nicovideo.cdn.nimg.jp/thumbnails/41094316/41094316.53036390
【MAD】黒イ夢,日なた猫,https://www.nicovideo.jp/watch/sm41099199,https://nicovideo.cdn.nimg.jp/thumbnails/41099199/41099199.48660312
【HUNTER×HUNTER】宮殿突入の10秒間,紀野秋貴,https://www.nicovideo.jp/watch/sm41096520,https://nicovideo.cdn.nimg.jp/thumbnails/41096520/41096520.65235248
【静止画MAD】海賊王に俺はなる【ONEPIECE】,ぼっくり,https://www.nicovideo.jp/watch/sm41089132,https://nicovideo.cdn.nimg.jp/thumbnails/41089132/41089132.41271028
【最上静香】 戻れない、あの日のなないろ,なぎにゃん/凪猫,https://www.nicovideo.jp/watch/sm41081177,https://nicovideo.cdn.nimg.jp/thumbnails/41081177/41081177.15950268
チェンソーマン　1話　MAD,ゲスト,https://www.nicovideo.jp/watch/sm41079316,https://nicovideo.cdn.nimg.jp/thumbnails/41079316/41079316.71610270
【MAD】青色の本音【ブルーアーカイブ】,みかんばこ,https://www.nicovideo.jp/watch/sm41066786,https://nicovideo.cdn.nimg.jp/thumbnails/41066786/41066786.31427972
【MAD】叛逆の少女【魔法少女まどか☆マギカ】,Yohi,https://www.nicovideo.jp/watch/sm41060867,https://nicovideo.cdn.nimg.jp/thumbnails/41060867/41060867.75670139
yp_madreel 2018-2021,ぴ。,https://www.nicovideo.jp/watch/sm41059863,https://nicovideo.cdn.nimg.jp/thumbnails/41059863/41059863.11805444
【静止画MAD】きたない君がいちばんかわいい【製作途中】,ひなざむらい【MAD】,https://www.nicovideo.jp/watch/sm41058878,https://nicovideo.cdn.nimg.jp/thumbnails/41058878/41058878.53095562
【MAD】裸の勇者 【ヘブバン・ヘブンバーンズレッド】,雨風しのぎ,https://www.nicovideo.jp/watch/sm41053939,https://nicovideo.cdn.nimg.jp/thumbnails/41053939/41053939.6716454
ミリシタ「クルリウタ」野々原茜/島原エレナ/桜守歌織/二階堂千鶴/北沢志保　（静止画MAD),ミネラル,https://www.nicovideo.jp/watch/sm41030483,https://nicovideo.cdn.nimg.jp/thumbnails/41030483/41030483.83374818
【静止画MAD】宇野昌磨×ハルカ【歌詞付き】,..,https://www.nicovideo.jp/watch/sm41028166,https://nicovideo.cdn.nimg.jp/thumbnails/41028166/41028166.64977450
【MAD】Get the glory【ブルーアーカイブ】,Const,https://www.nicovideo.jp/watch/sm41024113,https://nicovideo.cdn.nimg.jp/thumbnails/41024113/41024113.2671783
【静止画MAD】君の夏は何色か【嫌パン】,むへお,https://www.nicovideo.jp/watch/sm41021888,https://nicovideo.cdn.nimg.jp/thumbnails/41021888/41021888.54561639
千歳くんはラムネ瓶のなか　7巻非公式PV,TARO,https://www.nicovideo.jp/watch/sm41020256,https://nicovideo.cdn.nimg.jp/thumbnails/41020256/41020256.45356686
【静止画MAD】薫る花は凛と咲く【話がある】,みすず,https://www.nicovideo.jp/watch/sm41015973,https://nicovideo.cdn.nimg.jp/thumbnails/41015973/41015973.30587496
【MAD】無能なナナ - I Was Music,川神,https://www.nicovideo.jp/watch/sm41001309,https://nicovideo.cdn.nimg.jp/thumbnails/41001309/41001309.39702925
【静止画MAD】未成者【うみねこのなく頃に】,mackerel?,https://www.nicovideo.jp/watch/sm41009348,https://nicovideo.cdn.nimg.jp/thumbnails/41009348/41009348.2988805
【MAD】海が走るエンドロール　「老人と海」,--Kei,https://www.nicovideo.jp/watch/sm41007667,https://nicovideo.cdn.nimg.jp/thumbnails/41007667/41007667.16669542
【静止画MAD】勇者と偽物勇者【無職転生】,TARO,https://www.nicovideo.jp/watch/sm41004019,https://nicovideo.cdn.nimg.jp/thumbnails/41004019/41004019.68850141
【チェンソーマン】早川アキと幽霊の悪魔【静止画mad】,コックKawasaKi,https://www.nicovideo.jp/watch/sm40953696,https://nicovideo.cdn.nimg.jp/thumbnails/40953696/40953696.96224008
時間外労働→Fight Again,静虎,https://www.nicovideo.jp/watch/sm40936663,https://nicovideo.cdn.nimg.jp/thumbnails/40936663/40936663.31537390
「たからもの」（Side:ポジティブパッション）＋α,夕霧結城,https://www.nicovideo.jp/watch/sm40929888,https://nicovideo.cdn.nimg.jp/thumbnails/40929888/40929888.49098371
【MAD】情熱,マルノウチ,https://www.nicovideo.jp/watch/sm40929752,https://nicovideo.cdn.nimg.jp/thumbnails/40929752/40929752.84787904
無限遠点のアルタイルver.C204,蒼緋,https://www.nicovideo.jp/watch/sm40921357,https://nicovideo.cdn.nimg.jp/thumbnails/40921357/40921357.99109620
【少しだけ立体音響】【静止画MAD】,静虎,https://www.nicovideo.jp/watch/sm40921254,https://nicovideo.cdn.nimg.jp/thumbnails/40921254/40921254.47881709
【静止画MAD】等身大【正反対な君と僕】,しもつき,https://www.nicovideo.jp/watch/sm40913237,https://nicovideo.cdn.nimg.jp/thumbnails/40913237/40913237.87761037
【静止画MAD】『炎天宣誓歌』【ハチナイ】（八月のシンデレラナイン）,LEO,https://www.nicovideo.jp/watch/sm40907575,https://nicovideo.cdn.nimg.jp/thumbnails/40907575/40907575.2246772
【MAD】-黒執事-,たう・りんりん,https://www.nicovideo.jp/watch/sm40882788,https://nicovideo.cdn.nimg.jp/thumbnails/40882788/40882788.59476184
【静止画mad】正反対な君と僕【チューリングラブ】,実在しない鳩（どるむ）,https://www.nicovideo.jp/watch/sm40875000,https://nicovideo.cdn.nimg.jp/thumbnails/40875000/40875000.13967727
【再現MAD】リコリス・リコイル × ハミダシクリエイティブ（プレムービー）,緋桐 / Higiri,https://www.nicovideo.jp/watch/sm40851772,https://nicovideo.cdn.nimg.jp/thumbnails/40851772/40851772.8800239
【静止画MAD】風か光か【ウマ娘シンデレラグレイ】,ねたろー,https://www.nicovideo.jp/watch/sm40845107,https://nicovideo.cdn.nimg.jp/thumbnails/40845107/40845107.13401080
【MAD】寄り道【塩見周子】,シャキシャキレタス,https://www.nicovideo.jp/watch/sm40842268,https://nicovideo.cdn.nimg.jp/thumbnails/40842268/40842268.42794695
【MAD】 暁のヨナ 「それがあなたの幸せとしても」 （ハクヨナスウォン）,ピーチ,https://www.nicovideo.jp/watch/sm40818021,https://nicovideo.cdn.nimg.jp/thumbnails/40818021/40818021.12606263
【MAD】怪獣８号【innocence】,ひなざむらい【MAD】,https://www.nicovideo.jp/watch/sm40810435,https://nicovideo.cdn.nimg.jp/thumbnails/40810435/40810435.13692001
【ウマ娘ほぼ静止画MAD】旅立ちは今漆黒の時,メロンニキ,https://www.nicovideo.jp/watch/sm40797972,https://nicovideo.cdn.nimg.jp/thumbnails/40797972/40797972.81877446
サマーサイダー(500ml),新しいデラックスライフ,https://www.nicovideo.jp/watch/sm40796744,https://nicovideo.cdn.nimg.jp/thumbnails/40796744/40796744.46246264
spy×family  静止画mad,m(*´∀｀)y,https://www.nicovideo.jp/watch/sm40790190,https://nicovideo.cdn.nimg.jp/thumbnails/40790190/40790190.51771536
【シャニマスMAD】君だけのストーリー,きんにくんP,https://www.nicovideo.jp/watch/sm40777587,https://nicovideo.cdn.nimg.jp/thumbnails/40777587/40777587.23171823
【芸人MAD】LLR×アゲハ蝶【静止画MAD】,..,https://www.nicovideo.jp/watch/sm40779849,https://nicovideo.cdn.nimg.jp/thumbnails/40779849/40779849.29332044
【音MAD】永田×ダンスロボットダンス【静止画MAD】,..,https://www.nicovideo.jp/watch/sm40778129,https://nicovideo.cdn.nimg.jp/thumbnails/40778129/40778129.13288807
【シャニマスRemix＆MAD】いつだって僕らは -To Be Colored-,てつ(XIAO),https://www.nicovideo.jp/watch/sm40775734,https://nicovideo.cdn.nimg.jp/thumbnails/40775734/40775734.98781294
【MAD】 眞有大志 【キングダム】,あゆる,https://www.nicovideo.jp/watch/sm40771608,https://nicovideo.cdn.nimg.jp/thumbnails/40771608/40771608.15022357
【シャニマス】相合学舎【MAD】,がぉすP,https://www.nicovideo.jp/watch/sm40771345,https://nicovideo.cdn.nimg.jp/thumbnails/40771345/40771345.91481024
【再現MAD＋比較】音ゲーみたいな劇場で働いてるプロデュサーはどうすりゃいいですか？,ポッポ,https://www.nicovideo.jp/watch/sm40764437,https://nicovideo.cdn.nimg.jp/thumbnails/40764437/40764437.66045313
"【MAD】 starry night, i say it loud [Another] 【ましろ色シンフォニー】",あゆる,https://www.nicovideo.jp/watch/sm40758346,https://nicovideo.cdn.nimg.jp/thumbnails/40758346/40758346.65701506
【静止画MAD】声？【Dr.STONE】,ぽめた,https://www.nicovideo.jp/watch/sm40750038,https://nicovideo.cdn.nimg.jp/thumbnails/40750038/40750038.43885
【ゲームMAD】吹雪×マイムマイム【音MAD】,..,https://www.nicovideo.jp/watch/sm40745054,https://nicovideo.cdn.nimg.jp/thumbnails/40745054/40745054.77820475
【ホーキーベカコン】春鶯囀 【MAD】,シャンリー,https://www.nicovideo.jp/watch/sm40743163,https://nicovideo.cdn.nimg.jp/thumbnails/40743163/40743163.60954882
【FP1】マチャーミの洞窟,河兎,https://www.nicovideo.jp/watch/sm40740242,https://nicovideo.cdn.nimg.jp/thumbnails/40740242/40740242.72019332
【ゲームMAD】アカイイト&amp;アオイシロ×未来パラソル【静止画MAD】,..,https://www.nicovideo.jp/watch/sm40710800,https://nicovideo.cdn.nimg.jp/thumbnails/40710800/40710800.83312631
【静止画MAD】ルックバック×ソラニン,MOTA,https://www.nicovideo.jp/watch/sm40710112,https://nicovideo.cdn.nimg.jp/thumbnails/40710112/40710112.98566792
【チェンソーマン】吉田VSクァンシ【静止画】,コックKawasaKi,https://www.nicovideo.jp/watch/sm40707333,https://nicovideo.cdn.nimg.jp/thumbnails/40707333/40707333.97662386
【静止画MAD】愛し哀され　悔い食われ【チェンソーマン】,sAlmΘn,https://www.nicovideo.jp/watch/sm40706587,https://nicovideo.cdn.nimg.jp/thumbnails/40706587/40706587.98592783
さよなら絵梨,あ!けんぼう,https://www.nicovideo.jp/watch/sm40696299,https://nicovideo.cdn.nimg.jp/thumbnails/40696299/40696299.73133640
【MAD】とある魔術の禁書目録【退魔師は終わりを選ぶ】,ひなざむらい【MAD】,https://www.nicovideo.jp/watch/sm40690592,https://nicovideo.cdn.nimg.jp/thumbnails/40690592/40690592.64805789
【MAD】＃3b91c4【三峰結華】,眠子,https://www.nicovideo.jp/watch/sm40677185,https://nicovideo.cdn.nimg.jp/thumbnails/40677185/40677185.92409686
【MAD】Happy Typhoon【ポップリンクス】,てつ(XIAO),https://www.nicovideo.jp/watch/sm40670926,https://nicovideo.cdn.nimg.jp/thumbnails/40670926/40670926.60577381
ちいかわMAD 『コネクト』,グルにゃ　ひよこ,https://www.nicovideo.jp/watch/sm40672024,https://nicovideo.cdn.nimg.jp/thumbnails/40672024/40672024.33243646
【静止画MAD】おかえりアリス「愛欲」　,CANO MAD,https://www.nicovideo.jp/watch/sm40645215,https://nicovideo.cdn.nimg.jp/thumbnails/40645215/40645215.91742557
【FGO MAD】Give a Reason【死想顕現界域トラオム】【追加修正版】,雨風しのぎ,https://www.nicovideo.jp/watch/sm40666278,https://nicovideo.cdn.nimg.jp/thumbnails/40666278/40666278.10547602
【MAD】Cluster-Amaryllis,しゃる,https://www.nicovideo.jp/watch/sm40662004,https://nicovideo.cdn.nimg.jp/thumbnails/40662004/40662004.72937023
【静止画MAD】輪廻転生【少年のアビス】,ALINCO,https://www.nicovideo.jp/watch/sm40657677,https://nicovideo.cdn.nimg.jp/thumbnails/40657677/40657677.159825
ここにある空,cerchio,https://www.nicovideo.jp/watch/sm40653578,https://nicovideo.cdn.nimg.jp/thumbnails/40653578/40653578.43692281
ミリシタ「フシギトラベラー」TRICK&amp;TREAT　（静止画MAD),ミネラル,https://www.nicovideo.jp/watch/sm40650938,https://nicovideo.cdn.nimg.jp/thumbnails/40650938/40650938.76337631
やぁ、吸血鬼,あずまる,https://www.nicovideo.jp/watch/sm40651848,https://nicovideo.cdn.nimg.jp/thumbnails/40651848/40651848.86989494
【欅坂MAD】森田ひかる×猫【静止画MAD】,..,https://www.nicovideo.jp/watch/sm40642444,https://nicovideo.cdn.nimg.jp/thumbnails/40642444/40642444.48309622
【MAD】暁のヨナ「wish」（キジャ×ヨナ）【AniPAFE2022/支援作品】,kouduki*,https://www.nicovideo.jp/watch/sm40637914,https://nicovideo.cdn.nimg.jp/thumbnails/40637914/40637914.60447139
【MAD】 海よりもまだ深く 【Ib】,ぐんま,https://www.nicovideo.jp/watch/sm40636848,https://nicovideo.cdn.nimg.jp/thumbnails/40636848/40636848.15655329
【MAD】とある魔術の禁書目録【Forget_me_not】製作途中,ひなざむらい【MAD】,https://www.nicovideo.jp/watch/sm40628675,https://nicovideo.cdn.nimg.jp/thumbnails/40628675/40628675.7454469
【MAD】新約とある魔術の禁書目録9【移ろい揺らぐ世界】,ひなざむらい【MAD】,https://www.nicovideo.jp/watch/sm40628636,https://nicovideo.cdn.nimg.jp/thumbnails/40628636/40628636.4296186
【MAD】ある幻想の生と死【FGO死想顕現界域トラオム】,蒼緋,https://www.nicovideo.jp/watch/sm40625152,https://nicovideo.cdn.nimg.jp/thumbnails/40625152/40625152.20264022
【MAD】新約とある魔術の禁書目録9【製作途中】,ひなざむらい【MAD】,https://www.nicovideo.jp/watch/sm40615678,https://nicovideo.cdn.nimg.jp/thumbnails/40615678/40615678.65640260
【MAD】新約とある魔術の禁書目録22リバース【帰るべき場所】完成版,ひなざむらい【MAD】,https://www.nicovideo.jp/watch/sm40598469,https://nicovideo.cdn.nimg.jp/thumbnails/40598469/40598469.68077798
【MAD】寿命を買い取ってもらった。一年につき、一万円で。,みと,https://www.nicovideo.jp/watch/sm40591645,https://nicovideo.cdn.nimg.jp/thumbnails/40591645/40591645.38605759
[静止画MAD] OBSIDIAN [チェンソーマン],ころころ(うｐ主≠作者),https://www.nicovideo.jp/watch/sm40579498,https://nicovideo.cdn.nimg.jp/thumbnails/40579498/40579498.68682966
【MAD】夕の跡 -黄昏乙女 × アムネジア-,たう・りんりん,https://www.nicovideo.jp/watch/sm40577343,https://nicovideo.cdn.nimg.jp/thumbnails/40577343/40577343.37517880
【MAD】--S.A.I--,baban,https://www.nicovideo.jp/watch/sm40557109,https://nicovideo.cdn.nimg.jp/thumbnails/40557109/40557109.91811370
呪術廻戦×しわあわせ【静止画MAD】,狛磨,https://www.nicovideo.jp/watch/sm40547087,https://nicovideo.cdn.nimg.jp/thumbnails/40547087/40547087.59042452
【島村卯月】　喜劇と生活　-Short ver-　【F@VORITE_M@STER】,阿羅他＠アラタ,https://www.nicovideo.jp/watch/sm40541132,https://nicovideo.cdn.nimg.jp/thumbnails/40541132/40541132.99007300
【台詞入りMAD】とある科学の超電磁砲×前前前世【静止画MAD】,..,https://www.nicovideo.jp/watch/sm40538315,https://nicovideo.cdn.nimg.jp/thumbnails/40538315/40538315.31301374
【MAD】月白【冥契のルペルカリア」,KAZAMI,https://www.nicovideo.jp/watch/sm40537914,https://nicovideo.cdn.nimg.jp/thumbnails/40537914/40537914.12251338
【静止画MAD】ルーデウス・グレイラット 【無職転生】,TARO,https://www.nicovideo.jp/watch/sm40526314,https://nicovideo.cdn.nimg.jp/thumbnails/40526314/40526314.62787142
900オールスターで砕月【Sound Only】,河兎,https://www.nicovideo.jp/watch/sm40520831,https://nicovideo.cdn.nimg.jp/thumbnails/40520831/40520831.68945471
【MAD】新約とある魔術の禁書目録22リバース　初めてのPC編集　途中経過！,ひなざむらい【MAD】,https://www.nicovideo.jp/watch/sm40514566,https://nicovideo.cdn.nimg.jp/thumbnails/40514566/40514566.78121681
【VRoid】自作KYOモデルで「君の神様になりたい」【ほぼ静止画】,きょー,https://www.nicovideo.jp/watch/sm40512382,https://nicovideo.cdn.nimg.jp/thumbnails/40512382/40512382.2287309
アイスなライラさん,紅ばめ,https://www.nicovideo.jp/watch/sm40501203,https://nicovideo.cdn.nimg.jp/thumbnails/40501203/40501203.33712525
YMOメドレー ～スネークマンショー海賊盤より～,はっしー,https://www.nicovideo.jp/watch/sm40500072,https://nicovideo.cdn.nimg.jp/thumbnails/40500072/40500072.56920279
PINKPINKPINKPINKPINKPINKPINKPINKPINKPINK,腎臓,https://www.nicovideo.jp/watch/sm40497008,https://nicovideo.cdn.nimg.jp/thumbnails/40497008/40497008.1579611
【家庭教師ヒットマンREBORN!】ツナ 覚醒シーン【静止画MAD】,あああ,https://www.nicovideo.jp/watch/sm40491228,https://nicovideo.cdn.nimg.jp/thumbnails/40491228/40491228.26630951
【AMV】君に愛されて痛かった【MAD】,4mb3r,https://www.nicovideo.jp/watch/sm40486929,https://nicovideo.cdn.nimg.jp/thumbnails/40486929/40486929.28140928
【MAD】 ギャラクシー恋光年 【ラブライブ！スーパースター!!】,あゆる,https://www.nicovideo.jp/watch/sm40485596,https://nicovideo.cdn.nimg.jp/thumbnails/40485596/40485596.92812257
【MAD】The First Step 【五等分の花嫁】,にーち。,https://www.nicovideo.jp/watch/sm40482717,https://nicovideo.cdn.nimg.jp/thumbnails/40482717/40482717.27646303
【静止画MAD】憧れ【僕のヒーローアカデミア】,たか boon,https://www.nicovideo.jp/watch/sm40472237,https://nicovideo.cdn.nimg.jp/thumbnails/40472237/40472237.39081637
【AniPAFE2022】AMV/MAD FESTIVAL in JAPAN 2022 参加募集PV,yuu,https://www.nicovideo.jp/watch/sm40465748,https://nicovideo.cdn.nimg.jp/thumbnails/40465748/40465748.76732364
[MAD] シャーロットには５人の弟子がいる「 ライオン」(ダン＆シャーロット）,kouduki*,https://www.nicovideo.jp/watch/sm40456128,https://nicovideo.cdn.nimg.jp/thumbnails/40456128/40456128.2713135
【MAD】 暁のヨナ「Brave Shine」ゼノside,kouduki*,https://www.nicovideo.jp/watch/sm40455528,https://nicovideo.cdn.nimg.jp/thumbnails/40455528/40455528.41527334
【MAD】暁のヨナ「アトラクトライト」テジュンside,kouduki*,https://www.nicovideo.jp/watch/sm40454963,https://nicovideo.cdn.nimg.jp/thumbnails/40454963/40454963.29464720
悟空vsマジュニア【静止画mad】,コンポタ,https://www.nicovideo.jp/watch/sm40441515,https://nicovideo.cdn.nimg.jp/thumbnails/40441515/40441515.91673760
お隣の天使様にいつの間にか駄目人間にされていた件,TARO,https://www.nicovideo.jp/watch/sm40429615,https://nicovideo.cdn.nimg.jp/thumbnails/40429615/40429615.27188084
[MAD][Kanon]Kanon～the white storys～,sarena,https://www.nicovideo.jp/watch/sm40425466,https://nicovideo.cdn.nimg.jp/thumbnails/40425466/40425466.77420004
【MAD】Avalon le fae【FGO妖精円卓領域アヴァロン･ル･フェ】,蒼緋,https://www.nicovideo.jp/watch/sm40424384,https://nicovideo.cdn.nimg.jp/thumbnails/40424384/40424384.39369874
【静止画MAD】ハロー【ブルーピリオド】,色々色,https://www.nicovideo.jp/watch/sm40420352,https://nicovideo.cdn.nimg.jp/thumbnails/40420352/40420352.78158212
【VRoid】自作KYOモデルでゴーゴー幽霊船,きょー,https://www.nicovideo.jp/watch/sm40419803,https://nicovideo.cdn.nimg.jp/thumbnails/40419803/40419803.13855300
【静止画MAD】Compulsive Bomber 【爆弾魔】,ぼっくり,https://www.nicovideo.jp/watch/sm40417456,https://nicovideo.cdn.nimg.jp/thumbnails/40417456/40417456.99565109
【呪術廻戦】七海建人/声【静止画MAD】,チェダーチーズ,https://www.nicovideo.jp/watch/sm40410151,https://nicovideo.cdn.nimg.jp/thumbnails/40410151/40410151.50766831
ひまわり,rustrazor,https://www.nicovideo.jp/watch/sm40406608,https://nicovideo.cdn.nimg.jp/thumbnails/40406608/40406608.2620832
ミリシタ「Bitter sweet」豊川風花　（静止画MAD)(再投稿）,ミネラル,https://www.nicovideo.jp/watch/sm40406175,https://nicovideo.cdn.nimg.jp/thumbnails/40406175/40406175.24224980
【静止画MAD】日車寛見　─死滅回游─ 【呪術廻戦】,ハンバーグ,https://www.nicovideo.jp/watch/sm40404714,https://nicovideo.cdn.nimg.jp/thumbnails/40404714/40404714.64712928
【MAD】げんじつ・とうひ【SSSS.GRIDMAN】,スンセア,https://www.nicovideo.jp/watch/sm40402197,https://nicovideo.cdn.nimg.jp/thumbnails/40402197/40402197.94492444
【MAD】醒めないで、青春【ストロベリーポップムーン】,ポンズ,https://www.nicovideo.jp/watch/sm40400095,https://nicovideo.cdn.nimg.jp/thumbnails/40400095/40400095.2867060
【MAD】約束【BE BLUES！～青になれ～】,ブラマン,https://www.nicovideo.jp/watch/sm40400074,https://nicovideo.cdn.nimg.jp/thumbnails/40400074/40400074.10646440
【静止画MAD】命の価値【裏バイト:逃亡禁止】,しもつき,https://www.nicovideo.jp/watch/sm40399662,https://nicovideo.cdn.nimg.jp/thumbnails/40399662/40399662.94138173
【静止画MAD】安達としまむら「特別でありたい」,CANO MAD,https://www.nicovideo.jp/watch/sm40331321,https://nicovideo.cdn.nimg.jp/thumbnails/40331321/40331321.75395533
【静止画MAD】葬送のフリーレン×limit,おーうどんXXXX,https://www.nicovideo.jp/watch/sm40397852,https://nicovideo.cdn.nimg.jp/thumbnails/40397852/40397852.28119503
【あおやMAD】警察学校組×ハルカ【静止画MAD】,..,https://www.nicovideo.jp/watch/sm40397533,https://nicovideo.cdn.nimg.jp/thumbnails/40397533/40397533.70216690
【あおやMAD】警察学校組×プラネタリウム【静止画MAD】,..,https://www.nicovideo.jp/watch/sm40397487,https://nicovideo.cdn.nimg.jp/thumbnails/40397487/40397487.99599178
【静止画MAD】ジャガーン(世界か愛か欲望か）,ユウ,https://www.nicovideo.jp/watch/sm40397437,https://nicovideo.cdn.nimg.jp/thumbnails/40397437/40397437.35359037
【あんスタMAD】ロウワー【仁兎なずな誕2022】,こはるか,https://www.nicovideo.jp/watch/sm40389907,https://nicovideo.cdn.nimg.jp/thumbnails/40389907/40389907.21480393
【MAD】 my secret &amp; your heart 【処女はお姉さまに恋してる】,あゆる,https://www.nicovideo.jp/watch/sm40388302,https://nicovideo.cdn.nimg.jp/thumbnails/40388302/40388302.3087032
【静止画MAD】Only_one.【新約とある魔術の禁書目録】,BM,https://www.nicovideo.jp/watch/sm40388051,https://nicovideo.cdn.nimg.jp/thumbnails/40388051/40388051.32883494
【MMGC2022 Day13-魅組】うさぎメイドと因果計の街 - Pluvia,Mirai MAD Team,https://www.nicovideo.jp/watch/sm40383074,https://nicovideo.cdn.nimg.jp/thumbnails/40383074/40383074.30492240
【MMGC2022 Day13-魅組】群青中描绘的物语 - Kumiko,Mirai MAD Team,https://www.nicovideo.jp/watch/sm40382688,https://nicovideo.cdn.nimg.jp/thumbnails/40382688/40382688.85808123
【MMGC2022 Day13-宣組】約束【BE BLUES！～青になれ～】 - ブラマン,Mirai MAD Team,https://www.nicovideo.jp/watch/sm40382574,https://nicovideo.cdn.nimg.jp/thumbnails/40382574/40382574.96585627
【MMGC2022 Day13-宣組】Only_one - BM,Mirai MAD Team,https://www.nicovideo.jp/watch/sm40382519,https://nicovideo.cdn.nimg.jp/thumbnails/40382519/40382519.51804019
【MMGC2022 Day13-咏組】Stick Candy - 朝奈,Mirai MAD Team,https://www.nicovideo.jp/watch/sm40382457,https://nicovideo.cdn.nimg.jp/thumbnails/40382457/40382457.4071651
【MAD】My Funny Weekend【市川雛菜】,Clank,https://www.nicovideo.jp/watch/sm40379946,https://nicovideo.cdn.nimg.jp/thumbnails/40379946/40379946.32140882
【静止画MAD】世界のおわりのペンフレンド / Small world,kurobe,https://www.nicovideo.jp/watch/sm40379614,https://nicovideo.cdn.nimg.jp/thumbnails/40379614/40379614.61433052
【MMGC2022 Day12-魅組】月白 - KAZAMI,Mirai MAD Team,https://www.nicovideo.jp/watch/sm40376422,https://nicovideo.cdn.nimg.jp/thumbnails/40376422/40376422.35818448
【MMGC2022 Day12-宣組】逆境无赖&amp;赤木茂 - NADPH辅酶,Mirai MAD Team,https://www.nicovideo.jp/watch/sm40376326,https://nicovideo.cdn.nimg.jp/thumbnails/40376326/40376326.97440111
【MMGC2022 Day12-咏組】星遗物终将归于星光 - 得xyz者得天下,Mirai MAD Team,https://www.nicovideo.jp/watch/sm40376288,https://nicovideo.cdn.nimg.jp/thumbnails/40376288/40376288.89303186
【殺戮の天使】誓い【MAD】,シア,https://www.nicovideo.jp/watch/sm40374704,https://nicovideo.cdn.nimg.jp/thumbnails/40374704/40374704.50431887
【MMGC2022 Day11-魅組】SPY×FAMILY【Heal Me】 - MiYa,Mirai MAD Team,https://www.nicovideo.jp/watch/sm40371155,https://nicovideo.cdn.nimg.jp/thumbnails/40371155/40371155.99398913
【MMGC2022 Day11-宣組】花园牢笼里的青鸟 - 果毬,Mirai MAD Team,https://www.nicovideo.jp/watch/sm40371031,https://nicovideo.cdn.nimg.jp/thumbnails/40371031/40371031.3169144
【MMGC2022 Day11-咏組】活出自己的样子 - 霜坷JUN,Mirai MAD Team,https://www.nicovideo.jp/watch/sm40370903,https://nicovideo.cdn.nimg.jp/thumbnails/40370903/40370903.36614170
【静止画MAD】這いよれ！琴子さん【虚構推理】,むへお,https://www.nicovideo.jp/watch/sm40372949,https://nicovideo.cdn.nimg.jp/thumbnails/40372949/40372949.96587745
na-motion,大崎甜花,https://www.nicovideo.jp/watch/sm40369906,https://nicovideo.cdn.nimg.jp/thumbnails/40369906/40369906.62493794
【MMGC2022 Day10-魅组】 Here and There - Ruby,Mirai MAD Team,https://www.nicovideo.jp/watch/sm40362046,https://nicovideo.cdn.nimg.jp/thumbnails/40362046/40362046.4535622
【MMGC2022 Day10-宣组】全て遠き理想郷 - 明,Mirai MAD Team,https://www.nicovideo.jp/watch/sm40361957,https://nicovideo.cdn.nimg.jp/thumbnails/40361957/40361957.6095777
【MMGC2022 Day10-咏組】euphoria - 小-风残月,Mirai MAD Team,https://www.nicovideo.jp/watch/sm40361895,https://nicovideo.cdn.nimg.jp/thumbnails/40361895/40361895.31801179
【MAD】タコピーの原罪 / アルケミラ,くるりん,https://www.nicovideo.jp/watch/sm40363648,https://nicovideo.cdn.nimg.jp/thumbnails/40363648/40363648.34926827
【MMGC2022 Day9-魅組】兰斯传奇 Rance legend - 在下大明,Mirai MAD Team,https://www.nicovideo.jp/watch/sm40361814,https://nicovideo.cdn.nimg.jp/thumbnails/40361814/40361814.9410719
【Day9-宣組】Alchemilla [タコピーの原罪] - わろわろりん,Mirai MAD Team,https://www.nicovideo.jp/watch/sm40361674,https://nicovideo.cdn.nimg.jp/thumbnails/40361674/40361674.52993605
【MMGC2022 Day9-咏組】交错的未来【Rewrite】 - ND-NHK,Mirai MAD Team,https://www.nicovideo.jp/watch/sm40361616,https://nicovideo.cdn.nimg.jp/thumbnails/40361616/40361616.82764856
【MMGC2022 Day8-魅組】げんじつ・とうひ【SSSS.GRIDMAN】 - スンセア,Mirai MAD Team,https://www.nicovideo.jp/watch/sm40358020,https://nicovideo.cdn.nimg.jp/thumbnails/40358020/40358020.11364619
【MMGC2022 Day8-宣組】夏日重现 - 好きFlounder,Mirai MAD Team,https://www.nicovideo.jp/watch/sm40357459,https://nicovideo.cdn.nimg.jp/thumbnails/40357459/40357459.49216908
【MMGC2022 Day8-咏組】属于彼此的那份宝物 - 异空UU丶,Mirai MAD Team,https://www.nicovideo.jp/watch/sm40356604,https://nicovideo.cdn.nimg.jp/thumbnails/40356604/40356604.13341090
【MMGC2022 Day8-咏組】你知道银河龙吗 - 异空UU丶,Mirai MAD Team,https://www.nicovideo.jp/watch/sm40356561,https://nicovideo.cdn.nimg.jp/thumbnails/40356561/40356561.88401613
【MMGC2022 Day7-魅組】略带真实般的梦境 - 冷面小偷,Mirai MAD Team,https://www.nicovideo.jp/watch/sm40350523,https://nicovideo.cdn.nimg.jp/thumbnails/40350523/40350523.52680161
【MMGC2022 Day7-宣組】DayDreamWorld - Kamro,Mirai MAD Team,https://www.nicovideo.jp/watch/sm40350377,https://nicovideo.cdn.nimg.jp/thumbnails/40350377/40350377.7232625
【MMGC2022 Day7-咏組】Don't Look Back in Anger - 霁,Mirai MAD Team,https://www.nicovideo.jp/watch/sm40350275,https://nicovideo.cdn.nimg.jp/thumbnails/40350275/40350275.93568205
【MAD】from Blue【海色マーチ】,テラバイト☆ゆういち,https://www.nicovideo.jp/watch/sm40346611,https://nicovideo.cdn.nimg.jp/thumbnails/40346611/40346611.19751822
【MMGC2022 Day6-魅組】MAGI -煌帝国編- - aito,Mirai MAD Team,https://www.nicovideo.jp/watch/sm40345554,https://nicovideo.cdn.nimg.jp/thumbnails/40345554/40345554.36530499
【MMGC2022 Day6-宣組】Everyday - 西歪戴瑟特,Mirai MAD Team,https://www.nicovideo.jp/watch/sm40345464,https://nicovideo.cdn.nimg.jp/thumbnails/40345464/40345464.97933756
【MMGC2022 Day6-咏組】小小的奇迹 - ChuihaMAGI,Mirai MAD Team,https://www.nicovideo.jp/watch/sm40345367,https://nicovideo.cdn.nimg.jp/thumbnails/40345367/40345367.58976078
【MMGC2022 Day5-魅組】尽管我们手中空无一物 - magnlight-s,Mirai MAD Team,https://www.nicovideo.jp/watch/sm40341646,https://nicovideo.cdn.nimg.jp/thumbnails/40341646/40341646.35345283
【MMGC2022 Day5-宣組】誓い【殺戮の天使】 - シア,Mirai MAD Team,https://www.nicovideo.jp/watch/sm40341540,https://nicovideo.cdn.nimg.jp/thumbnails/40341540/40341540.70184055
【MMGC2022 Day5-咏組】黑鸫之歌 - 枫翎火樱,Mirai MAD Team,https://www.nicovideo.jp/watch/sm40341454,https://nicovideo.cdn.nimg.jp/thumbnails/40341454/40341454.38751108
【白菊ほたる】その日から何もかも【MAD】,ian*,https://www.nicovideo.jp/watch/sm40325787,https://nicovideo.cdn.nimg.jp/thumbnails/40325787/40325787.54078511
【呪術廻戦】181話 三輪霞【静止画MAD】,あああ,https://www.nicovideo.jp/watch/sm40337942,https://nicovideo.cdn.nimg.jp/thumbnails/40337942/40337942.81324650
【MMGC2022 Day4-魅組】爱的形式 - TAMAMOV5,Mirai MAD Team,https://www.nicovideo.jp/watch/sm40335847,https://nicovideo.cdn.nimg.jp/thumbnails/40335847/40335847.604418
【MMGC2022 Day4-宣組】悸动青春 - 雪团子i,Mirai MAD Team,https://www.nicovideo.jp/watch/sm40335829,https://nicovideo.cdn.nimg.jp/thumbnails/40335829/40335829.55747531
【MMGC2022 Day4-咏組】迷途中的我们 - 异空UU丶,Mirai MAD Team,https://www.nicovideo.jp/watch/sm40335776,https://nicovideo.cdn.nimg.jp/thumbnails/40335776/40335776.30702979
【MMGC2022 Day3-魅組】群青世界 - 杰zI_,Mirai MAD Team,https://www.nicovideo.jp/watch/sm40330799,https://nicovideo.cdn.nimg.jp/thumbnails/40330799/40330799.94287097
【MMGC2022 Day3-咏組】その男、最強につき──【SAKAMOTO DAYS】 - ぼっくり,Mirai MAD Team,https://www.nicovideo.jp/watch/sm40330757,https://nicovideo.cdn.nimg.jp/thumbnails/40330757/40330757.7463888
【MMGC2022 Day3-宣組】 瞬间的永恒 - Mappuccino,Mirai MAD Team,https://www.nicovideo.jp/watch/sm40330672,https://nicovideo.cdn.nimg.jp/thumbnails/40330672/40330672.64375750
【MMGC2022 Day2-魅組】from Blue - テラバイト☆ゆういち,Mirai MAD Team,https://www.nicovideo.jp/watch/sm40325792,https://nicovideo.cdn.nimg.jp/thumbnails/40325792/40325792.42633059
【MMGC2022 Day2-宣組】终止论证的戏剧性讨校 - 一之上调和,Mirai MAD Team,https://www.nicovideo.jp/watch/sm40325455,https://nicovideo.cdn.nimg.jp/thumbnails/40325455/40325455.70731600
【MMGC2022 Day2-咏組】Redward - 緖紅,Mirai MAD Team,https://www.nicovideo.jp/watch/sm40325111,https://nicovideo.cdn.nimg.jp/thumbnails/40325111/40325111.25881181
【MMGC2022 Day1-魅組】今日は何もない素晴らしい一日だった【ひだまりスケッチ】- てつ(XIAO),Mirai MAD Team,https://www.nicovideo.jp/watch/sm40321690,https://nicovideo.cdn.nimg.jp/thumbnails/40321690/40321690.64142808
【MMGC2022 Day1-宣組】遗失彼岸 - 夜猫,Mirai MAD Team,https://www.nicovideo.jp/watch/sm40321651,https://nicovideo.cdn.nimg.jp/thumbnails/40321651/40321651.34747256
【MMGC2022 Day1-咏組】自动完成的万雌王养成计划 - 吃饭团的渠,Mirai MAD Team,https://www.nicovideo.jp/watch/sm40321528,https://nicovideo.cdn.nimg.jp/thumbnails/40321528/40321528.31199177
【MAD】 フィールド・オブ・ドリームス 【球詠】,あゆる,https://www.nicovideo.jp/watch/sm40313446,https://nicovideo.cdn.nimg.jp/thumbnails/40313446/40313446.17683124
【デレステMAD】君のステージ衣装、本当は…【荒木比奈】,ドラ,https://www.nicovideo.jp/watch/sm40296262,https://nicovideo.cdn.nimg.jp/thumbnails/40296262/40296262.20111662
[MAD]萩原 雪歩《プルメリアの花》,Aquaノ美兎,https://www.nicovideo.jp/watch/sm40296098,https://nicovideo.cdn.nimg.jp/thumbnails/40296098/40296098.50205178
【MAD】Not DECIDE__MEMORY【とある魔術の禁書目録】,ぼたん,https://www.nicovideo.jp/watch/sm40293679,https://nicovideo.cdn.nimg.jp/thumbnails/40293679/40293679.60187218
【静止画MAD】ハッピー星の子,マッスルメロン,https://www.nicovideo.jp/watch/sm40289425,https://nicovideo.cdn.nimg.jp/thumbnails/40289425/40289425.39635051
【呪術廻戦】乙骨憂太「一回だけですよ」【静止画MAD】,あああ,https://www.nicovideo.jp/watch/sm40288126,https://nicovideo.cdn.nimg.jp/thumbnails/40288126/40288126.67019538
【MAD】チェンソーマン/心臓を捧げよ！ Linked Horizon,ハンバーグ,https://www.nicovideo.jp/watch/sm40263070,https://nicovideo.cdn.nimg.jp/thumbnails/40263070/40263070.30352064
【静止画mad】チェンソーマン　ED / メーべル　Eve,ハンバーグ,https://www.nicovideo.jp/watch/sm40262789,https://nicovideo.cdn.nimg.jp/thumbnails/40262789/40262789.27918940
【静止画mad】タダシイ選択【ゼロカラカサネルイセカイセイカツ】,ひーぷ,https://www.nicovideo.jp/watch/sm40259450,https://nicovideo.cdn.nimg.jp/thumbnails/40259450/40259450.91121693
新作VRゲーム『Nephilim Hollow』ティザートレーラー,ユウイチ,https://www.nicovideo.jp/watch/sm40255280,https://nicovideo.cdn.nimg.jp/thumbnails/40255280/40255280.35800376
【デレステ】工藤忍応援曲「夢追い人の旅路」【第11回シンデレラガールズ総選挙】,kusunoki,https://www.nicovideo.jp/watch/sm40251366,https://nicovideo.cdn.nimg.jp/thumbnails/40251366/40251366.93869655
【MAD】 創約禁書目録3巻 【未発見の脆弱性】,ひなざむらい【MAD】,https://www.nicovideo.jp/watch/sm40250399,https://nicovideo.cdn.nimg.jp/thumbnails/40250399/40250399.41793210
【MAD】 僕らはあの空の下で 【乙女が紡ぐ恋のキャンバス】,あゆる,https://www.nicovideo.jp/watch/sm40249272,https://nicovideo.cdn.nimg.jp/thumbnails/40249272/40249272.2054243
【MAD】 新約禁書目録22リバース 【少年と幻想殺し】,ひなざむらい【MAD】,https://www.nicovideo.jp/watch/sm40240825,https://nicovideo.cdn.nimg.jp/thumbnails/40240825/40240825.95376122
【静止画MAD】魔法少女×明日があるさ,..,https://www.nicovideo.jp/watch/sm40236516,https://nicovideo.cdn.nimg.jp/thumbnails/40236516/40236516.57033533
【静止画MAD】るるちゃんの自殺配信【タコピーの原罪】,ALINCO,https://www.nicovideo.jp/watch/sm40223801,https://nicovideo.cdn.nimg.jp/thumbnails/40223801/40223801.94589350
【MAD】2021年にERG戦士たちを支えてくれた娘たち,izanagi,https://www.nicovideo.jp/watch/sm40222273,https://nicovideo.cdn.nimg.jp/thumbnails/40222273/40222273.19384261
【東方静止画MAD】これからも、最後まで【あきゅすず】,草石蟲,https://www.nicovideo.jp/watch/sm40198375,https://nicovideo.cdn.nimg.jp/thumbnails/40198375/40198375.28048088
【アイマスMAD】プロデューサー×明日があるさ【静止画MAD】,..,https://www.nicovideo.jp/watch/sm40196885,https://nicovideo.cdn.nimg.jp/thumbnails/40196885/40196885.81839414
【静止画MAD】アイマスシリーズ×明日があるさ【ゲームMAD】,..,https://www.nicovideo.jp/watch/sm40196619,https://nicovideo.cdn.nimg.jp/thumbnails/40196619/40196619.20383070
REVERSI×呪術廻戦【静止画MAD】※ネタバレ注意,狛磨,https://www.nicovideo.jp/watch/sm40193089,https://nicovideo.cdn.nimg.jp/thumbnails/40193089/40193089.81959871
ミリシタ「恋の音色ライン」二階堂千鶴　（静止画MAD),ミネラル,https://www.nicovideo.jp/watch/sm40180521,https://nicovideo.cdn.nimg.jp/thumbnails/40180521/40180521.28908276
【静止画MAD】惑星のさみだれ　下書き02,Crelu,https://www.nicovideo.jp/watch/sm40178829,https://nicovideo.cdn.nimg.jp/thumbnails/40178829/40178829.29222550
【静止画MAD】惑星のさみだれ　下書き01,Crelu,https://www.nicovideo.jp/watch/sm40175614,https://nicovideo.cdn.nimg.jp/thumbnails/40175614/40175614.1920445
ハピ☆ニコ SUNDAY #8「愛の塊！MADの世界！」,ハピ☆ニコ,https://www.nicovideo.jp/watch/sm40168227,https://nicovideo.cdn.nimg.jp/thumbnails/40168227/40168227.12255939
Fate/Stay Night [MAD] - Side Unlimited Blade Works - 2.0,Winter,https://www.nicovideo.jp/watch/sm40162922,https://nicovideo.cdn.nimg.jp/thumbnails/40162922/40162922.41383760
Fate/Stay Night [MAD]  - Side Fate - 2.0,Winter,https://www.nicovideo.jp/watch/sm40162837,https://nicovideo.cdn.nimg.jp/thumbnails/40162837/40162837.53227597
Rockman EXE [MAD] / ロックマン エグゼ,Winter,https://www.nicovideo.jp/watch/sm40162813,https://nicovideo.cdn.nimg.jp/thumbnails/40162813/40162813.53174457
【静止画MAD】Bright &amp;amp; Right 【かぐや様】,松子,https://www.nicovideo.jp/watch/sm40159663,https://nicovideo.cdn.nimg.jp/thumbnails/40159663/40159663.97961830
【MAD】Creeping Black【マンハッタンカフェ】,しもつき,https://www.nicovideo.jp/watch/sm40133346,https://nicovideo.cdn.nimg.jp/thumbnails/40133346/40133346.75274465
【MAD】その身の運命尽き果てるその最後の瞬間まで【86 －エイティシックス－】,yomo_,https://www.nicovideo.jp/watch/sm40132788,https://nicovideo.cdn.nimg.jp/thumbnails/40132788/40132788.63057377
ゆるしてゆるしてゆるしてゆるしてゆるしてゆるしてゆるしてゆるしてゆるしてゆるしてゆるしてゆるしてゆるしてゆるしてゆるしてゆるしてゆるしてゆるしてゆるしてゆるしてゆるしてゆるしてゆるしてゆるしてゆるして,腎臓,https://www.nicovideo.jp/watch/sm40129475,https://nicovideo.cdn.nimg.jp/thumbnails/40129475/40129475.70454102
【MAD】タコピーの原罪,Mizumi,https://www.nicovideo.jp/watch/sm40123925,https://nicovideo.cdn.nimg.jp/thumbnails/40123925/40123925.74445744
ヘブバン30秒CM風「命」編,JEKYLL＠しゃかしゃかの人,https://www.nicovideo.jp/watch/sm40121174,https://nicovideo.cdn.nimg.jp/thumbnails/40121174/40121174.17325657
【MAD】ブルーピリオド×オリフィス,Seen*,https://www.nicovideo.jp/watch/sm40111267,https://nicovideo.cdn.nimg.jp/thumbnails/40111267/40111267.65777493
183,四角,https://www.nicovideo.jp/watch/sm40107004,https://nicovideo.cdn.nimg.jp/thumbnails/40107004/40107004.7414485
五等分の花嫁静止画MAD,魔王,https://www.nicovideo.jp/watch/sm40106359,https://nicovideo.cdn.nimg.jp/thumbnails/40106359/40106359.31049870
【やがて君になる】平行線【MAD】,シャンリー,https://www.nicovideo.jp/watch/sm40095168,https://nicovideo.cdn.nimg.jp/thumbnails/40095168/40095168.56588191
【静止画MAD】僕のヒーローアカデミア ーpoodleー,fugaman,https://www.nicovideo.jp/watch/sm40093942,https://nicovideo.cdn.nimg.jp/thumbnails/40093942/40093942.43987431
【MVP獲得祈願！】瑞原明奈プロのMリーグ2021RS成績【あっきーな】,かわうそ,https://www.nicovideo.jp/watch/sm40087169,https://nicovideo.cdn.nimg.jp/thumbnails/40087169/40087169.61755488
【MAD】HEAVEN BURNS RED 【ヘブバン・ヘブンバーンズレッド】,ゆしし,https://www.nicovideo.jp/watch/sm40082135,https://nicovideo.cdn.nimg.jp/thumbnails/40082135/40082135.40753627
【MAD】見える子ちゃん(神社編)/阿吽のビーツ【ネタバレ注意】,ドッマのMAD,https://www.nicovideo.jp/watch/sm40080872,https://nicovideo.cdn.nimg.jp/thumbnails/40080872/40080872.30029093
処刑用BGMから学ぶおやくそく素材の使い方,じょーばん,https://www.nicovideo.jp/watch/sm40079283,https://nicovideo.cdn.nimg.jp/thumbnails/40079283/40079283.89514035
ピタゴラスイッチから学ぶおやくそく素材の使い方,じょーばん,https://www.nicovideo.jp/watch/sm40074273,https://nicovideo.cdn.nimg.jp/thumbnails/40074273/40074273.91304803
神さまの言うとおり（高畑瞬）【静止画mad】,コンポタ,https://www.nicovideo.jp/watch/sm40069607,https://nicovideo.cdn.nimg.jp/thumbnails/40069607/40069607.16537321
【静止画MAD】spit!【SAKAMOTO DAYS】,ALINCO,https://www.nicovideo.jp/watch/sm40066762,https://nicovideo.cdn.nimg.jp/thumbnails/40066762/40066762.92156470
静止画MAD　シャンフロ×REVIVER,ﾂｱｱﾞｱﾞｱﾞｱﾞｷ,https://www.nicovideo.jp/watch/sm40029638,https://nicovideo.cdn.nimg.jp/thumbnails/40029638/40029638.97524482
【MAD】新約禁書目録11 【心理掌握】〜とある少女の記憶〜 (完全版),ひなざむらい【MAD】,https://www.nicovideo.jp/watch/sm40022365,https://nicovideo.cdn.nimg.jp/thumbnails/40022365/40022365.11596140
【light作品】13分間で廻るサンホラメドレー【MAD】,フェルゼン,https://www.nicovideo.jp/watch/sm40020666,https://nicovideo.cdn.nimg.jp/thumbnails/40020666/40020666.58290577
【ゲームMAD】uni.×永遠の願い【静止画MAD】,..,https://www.nicovideo.jp/watch/sm40009144,https://nicovideo.cdn.nimg.jp/thumbnails/40009144/40009144.15109986
【ゲームMAD】uni.×Summer vacation of Oukokukan【静止画MAD】,..,https://www.nicovideo.jp/watch/sm40009101,https://nicovideo.cdn.nimg.jp/thumbnails/40009101/40009101.37043679
【ゲームMAD】uni.×D.C.IIOPパロ【静止画MAD】,..,https://www.nicovideo.jp/watch/sm40008970,https://nicovideo.cdn.nimg.jp/thumbnails/40008970/40008970.15387583
【MAD】新約禁書目録11巻【心理掌握】製作途中,ひなざむらい【MAD】,https://www.nicovideo.jp/watch/sm40008439,https://nicovideo.cdn.nimg.jp/thumbnails/40008439/40008439.96566102
【MAD】青山くん×ダンスロボットダンス,..,https://www.nicovideo.jp/watch/sm40005274,https://nicovideo.cdn.nimg.jp/thumbnails/40005274/40005274.41272393
【遊戯王MAD】海馬×ダンスロボットダンス【静止画MAD】,..,https://www.nicovideo.jp/watch/sm40005185,https://nicovideo.cdn.nimg.jp/thumbnails/40005185/40005185.46102600
【ブルアカMAD】アズサぁぁぁあああああああ【名/前/の/な/い/怪/物】,＠そらち,https://www.nicovideo.jp/watch/sm39986121,https://nicovideo.cdn.nimg.jp/thumbnails/39986121/39986121.56072556
【MAD】すみれ OP　Sleeping Pretend　真里歌,くまごろう,https://www.nicovideo.jp/watch/sm39979500,https://nicovideo.cdn.nimg.jp/thumbnails/39979500/39979500.61384607
【静止画MAD】to the future　【Steins;Gate哀心迷図のバベル】,shin,https://www.nicovideo.jp/watch/sm39979122,https://nicovideo.cdn.nimg.jp/thumbnails/39979122/39979122.27280124
"【MAD】Your life is your own【さくら、もゆ。-as the Night's, Reincarnation-】",みかんばこ,https://www.nicovideo.jp/watch/sm39975413,https://nicovideo.cdn.nimg.jp/thumbnails/39975413/39975413.43960801
【芸人MAD】もも×ミラクルをキミとおこしたいんです【静止画MAD】,..,https://www.nicovideo.jp/watch/sm39975314,https://nicovideo.cdn.nimg.jp/thumbnails/39975314/39975314.82501980
【静止画MAD】ブルーピリオド「アイデンティティ」,CANO MAD,https://www.nicovideo.jp/watch/sm39953756,https://nicovideo.cdn.nimg.jp/thumbnails/39953756/39953756.22495274
【MAD】新約とある魔術の禁書目録21　〜こんな結末許せるか〜　【黄金決着後】,ひなざむらい【MAD】,https://www.nicovideo.jp/watch/sm39946855,https://nicovideo.cdn.nimg.jp/thumbnails/39946855/39946855.48065097
【静止画MAD】瑠川×タイムカプセル【D.C.シリーズ】,..,https://www.nicovideo.jp/watch/sm39938975,https://nicovideo.cdn.nimg.jp/thumbnails/39938975/39938975.82338293
【四条貴音】高嶺の造花【Dat□ -series-】,阿羅他＠アラタ,https://www.nicovideo.jp/watch/sm39937365,https://nicovideo.cdn.nimg.jp/thumbnails/39937365/39937365.63271555
ミリシタ「ちいさな恋の足音」篠宮可憐　（静止画MAD),ミネラル,https://www.nicovideo.jp/watch/sm39935245,https://nicovideo.cdn.nimg.jp/thumbnails/39935245/39935245.81720023
【MAD】新約とある魔術の禁書目録21 【アレイスターVSメイザース】〜第四章〜　メサイアにはなれない,ひなざむらい【MAD】,https://www.nicovideo.jp/watch/sm39935873,https://nicovideo.cdn.nimg.jp/thumbnails/39935873/39935873.47914338
【静止画MAD】Arigato【朝焼けは黄金色】（日本語版）,SuireNn,https://www.nicovideo.jp/watch/sm39927465,https://nicovideo.cdn.nimg.jp/thumbnails/39927465/39927465.44371483
あなたがいることで×呪術廻戦【静止画MAD】,狛磨,https://www.nicovideo.jp/watch/sm39924004,https://nicovideo.cdn.nimg.jp/thumbnails/39924004/39924004.30670403
ちいかわMAD 「それがあなたの幸せとしても」,グルにゃ　ひよこ,https://www.nicovideo.jp/watch/sm39919512,https://nicovideo.cdn.nimg.jp/thumbnails/39919512/39919512.57846332
【タコピーの原罪】僕にできること【静止画MAD】,ユウイチ,https://www.nicovideo.jp/watch/sm39895688,https://nicovideo.cdn.nimg.jp/thumbnails/39895688/39895688.70240978
【静止画MAD】ノラとと1&amp;2×クライングハート,..,https://www.nicovideo.jp/watch/sm39890710,https://nicovideo.cdn.nimg.jp/thumbnails/39890710/39890710.83645027
【芸人MAD】ブレーメン×人【静止画MAD】,..,https://www.nicovideo.jp/watch/sm39859503,https://nicovideo.cdn.nimg.jp/thumbnails/39859503/39859503.88621717
【静止画MAD】あの花×366日,..,https://www.nicovideo.jp/watch/sm39859380,https://nicovideo.cdn.nimg.jp/thumbnails/39859380/39859380.83259710
【乃木坂MAD】高山一実×人として【静止画MAD】,..,https://www.nicovideo.jp/watch/sm39858185,https://nicovideo.cdn.nimg.jp/thumbnails/39858185/39858185.34997266
【静止画MAD】星空へ架かる橋×Little Busters!【リトバスOPパロ】,..,https://www.nicovideo.jp/watch/sm39855057,https://nicovideo.cdn.nimg.jp/thumbnails/39855057/39855057.93697899
遥かに仰ぎ、麗しの　みやびちゃんぷりちー！,sakusaku5656,https://www.nicovideo.jp/watch/sm39843802,https://nicovideo.cdn.nimg.jp/thumbnails/39843802/39843802.99852923
空の境界　Nightmare,sakusaku5656,https://www.nicovideo.jp/watch/sm39843737,https://nicovideo.cdn.nimg.jp/thumbnails/39843737/39843737.33646652
Clover Heart's　優しい風の吹き抜けるこの街で～Never say goodbye～,sakusaku5656,https://www.nicovideo.jp/watch/sm39843718,https://nicovideo.cdn.nimg.jp/thumbnails/39843718/39843718.56278768
CARNIVAL　排他的トライアングル(60fps),sakusaku5656,https://www.nicovideo.jp/watch/sm39843697,https://nicovideo.cdn.nimg.jp/thumbnails/39843697/39843697.19338555
【MAD】Can you Divide Cake into Equal Parts？【アサガオは夜を識らない。】,Sana_,https://www.nicovideo.jp/watch/sm39840319,https://nicovideo.cdn.nimg.jp/thumbnails/39840319/39840319.95090813
【MAD】彼女にとっての小さな奇蹟,日なた猫,https://www.nicovideo.jp/watch/sm39838434,https://nicovideo.cdn.nimg.jp/thumbnails/39838434/39838434.26330600
